geography,hsa_nci_id,week_end,wastewater_z,n_sites,covid_ed_pct,covid_ed_pct_smoothed,covid_ed_trend,hsa,hsa_counties
New Jersey,108,2025-01-04,0.5086047462698932,1,2.26,1.91,No Change,"Monmouth, NJ - Ocean (Brick Township), NJ","Monmouth, Ocean"
New Jersey,108,2025-01-11,0.7445748147284861,2,1.81,1.84,No Change,"Monmouth, NJ - Ocean (Brick Township), NJ","Monmouth, Ocean"
New Jersey,108,2025-01-18,0.8064597912710447,2,1.55,1.83,No Change,"Monmouth, NJ - Ocean (Brick Township), NJ","Monmouth, Ocean"
New Jersey,108,2025-01-25,0.8026634686765941,2,1.69,1.84,No Change,"Monmouth, NJ - Ocean (Brick Township), NJ","Monmouth, Ocean"
New Jersey,108,2025-02-01,0.8176729320274014,2,1.94,1.8,Decreasing,"Monmouth, NJ - Ocean (Brick Township), NJ","Monmouth, Ocean"
New Jersey,108,2025-02-08,0.8536390430960465,2,1.79,1.64,Decreasing,"Monmouth, NJ - Ocean (Brick Township), NJ","Monmouth, Ocean"
New Jersey,108,2025-02-15,0.9779510775051813,2,1.41,1.42,Decreasing,"Monmouth, NJ - Ocean (Brick Township), NJ","Monmouth, Ocean"
New Jersey,108,2025-02-22,0.6156386659631696,2,1.27,1.23,Decreasing,"Monmouth, NJ - Ocean (Brick Township), NJ","Monmouth, Ocean"
New Jersey,108,2025-03-01,0.6237784237983999,2,0.9,1.09,Decreasing,"Monmouth, NJ - Ocean (Brick Township), NJ","Monmouth, Ocean"
New Jersey,108,2025-03-08,0.8233229442569752,2,1.0,0.99,Decreasing,"Monmouth, NJ - Ocean (Brick Township), NJ","Monmouth, Ocean"
New Jersey,108,2025-03-15,0.7457486425447215,2,0.97,0.93,Decreasing,"Monmouth, NJ - Ocean (Brick Township), NJ","Monmouth, Ocean"
New Jersey,108,2025-03-22,0.7045117588626646,2,1.03,0.88,No Change,"Monmouth, NJ - Ocean (Brick Township), NJ","Monmouth, Ocean"
New Jersey,108,2025-03-29,0.5563343073338638,2,0.69,0.83,No Change,"Monmouth, NJ - Ocean (Brick Township), NJ","Monmouth, Ocean"
New Jersey,108,2025-04-05,0.6249061513276466,2,0.73,0.81,No Change,"Monmouth, NJ - Ocean (Brick Township), NJ","Monmouth, Ocean"
New Jersey,108,2025-04-12,0.5848595969458339,2,0.87,0.79,No Change,"Monmouth, NJ - Ocean (Brick Township), NJ","Monmouth, Ocean"
New Jersey,108,2025-04-19,0.7252360511975148,2,0.83,0.77,No Change,"Monmouth, NJ - Ocean (Brick Township), NJ","Monmouth, Ocean"
New Jersey,108,2025-04-26,0.4448057100080813,2,0.7,0.73,Decreasing,"Monmouth, NJ - Ocean (Brick Township), NJ","Monmouth, Ocean"
New Jersey,108,2025-05-03,0.32163002280790814,2,0.67,0.64,Decreasing,"Monmouth, NJ - Ocean (Brick Township), NJ","Monmouth, Ocean"
New Jersey,108,2025-05-10,0.17910541174664024,2,0.51,0.54,Decreasing,"Monmouth, NJ - Ocean (Brick Township), NJ","Monmouth, Ocean"
New Jersey,108,2025-05-17,0.4736778890437241,2,0.38,0.46,Decreasing,"Monmouth, NJ - Ocean (Brick Township), NJ","Monmouth, Ocean"
New Jersey,108,2025-05-24,0.338946133494948,2,0.49,0.41,No Change,"Monmouth, NJ - Ocean (Brick Township), NJ","Monmouth, Ocean"
New Jersey,108,2025-05-31,0.45303892698132847,2,0.4,0.39,No Change,"Monmouth, NJ - Ocean (Brick Township), NJ","Monmouth, Ocean"
New Jersey,108,2025-06-07,0.5805325518542164,2,0.37,0.37,No Change,"Monmouth, NJ - Ocean (Brick Township), NJ","Monmouth, Ocean"
New Jersey,108,2025-06-14,0.49003488876637824,2,0.36,0.35,No Change,"Monmouth, NJ - Ocean (Brick Township), NJ","Monmouth, Ocean"
New Jersey,108,2025-06-21,0.5407998780176781,2,0.27,0.33,No Change,"Monmouth, NJ - Ocean (Brick Township), NJ","Monmouth, Ocean"
New Jersey,108,2025-06-28,0.17608715813725395,2,0.34,0.32,No Change,"Monmouth, NJ - Ocean (Brick Township), NJ","Monmouth, Ocean"
New Jersey,108,2025-07-05,-0.008583586667383764,2,0.42,0.34,Increasing,"Monmouth, NJ - Ocean (Brick Township), NJ","Monmouth, Ocean"
New Jersey,108,2025-07-12,0.264491010902145,2,0.27,0.38,Increasing,"Monmouth, NJ - Ocean (Brick Township), NJ","Monmouth, Ocean"
New Jersey,108,2025-07-19,0.12923745761705863,2,0.44,0.44,Increasing,"Monmouth, NJ - Ocean (Brick Township), NJ","Monmouth, Ocean"
New Jersey,108,2025-07-26,-0.4779187151760339,2,0.52,0.49,Increasing,"Monmouth, NJ - Ocean (Brick Township), NJ","Monmouth, Ocean"
New Jersey,108,2025-08-02,0.35909635753351266,2,0.6,0.53,No Change,"Monmouth, NJ - Ocean (Brick Township), NJ","Monmouth, Ocean"
New Jersey,108,2025-08-09,0.29504340869769696,2,0.55,0.59,Increasing,"Monmouth, NJ - Ocean (Brick Township), NJ","Monmouth, Ocean"
New Jersey,108,2025-08-16,0.40748862368695216,2,0.63,0.68,Increasing,"Monmouth, NJ - Ocean (Brick Township), NJ","Monmouth, Ocean"
New Jersey,108,2025-08-23,0.44524515528776704,2,0.76,0.83,Increasing,"Monmouth, NJ - Ocean (Brick Township), NJ","Monmouth, Ocean"
New Jersey,108,2025-08-30,0.29532835745453007,2,1.14,0.99,Increasing,"Monmouth, NJ - Ocean (Brick Township), NJ","Monmouth, Ocean"
New Jersey,108,2025-09-06,0.5899797141844494,2,1.12,1.09,No Change,"Monmouth, NJ - Ocean (Brick Township), NJ","Monmouth, Ocean"
New Jersey,108,2025-09-13,0.2820491905797974,2,0.94,1.09,No Change,"Monmouth, NJ - Ocean (Brick Township), NJ","Monmouth, Ocean"
New Jersey,108,2025-09-20,0.5495170233068574,2,1.09,1.0,Decreasing,"Monmouth, NJ - Ocean (Brick Township), NJ","Monmouth, Ocean"
New Jersey,108,2025-09-27,0.25076790605660815,2,0.81,0.86,Decreasing,"Monmouth, NJ - Ocean (Brick Township), NJ","Monmouth, Ocean"
New Jersey,108,2025-10-04,0.18125856024863274,2,0.81,0.71,Decreasing,"Monmouth, NJ - Ocean (Brick Township), NJ","Monmouth, Ocean"
New Jersey,108,2025-10-11,0.24931154671123884,2,0.57,0.6,Decreasing,"Monmouth, NJ - Ocean (Brick Township), NJ","Monmouth, Ocean"
New Jersey,108,2025-10-18,-0.004826382395886952,2,0.51,0.53,No Change,"Monmouth, NJ - Ocean (Brick Township), NJ","Monmouth, Ocean"
New Jersey,108,2025-10-25,-0.04666047701584346,2,0.45,0.51,No Change,"Monmouth, NJ - Ocean (Brick Township), NJ","Monmouth, Ocean"
New Jersey,108,2025-11-01,0.08823413324746064,2,0.52,0.51,No Change,"Monmouth, NJ - Ocean (Brick Township), NJ","Monmouth, Ocean"
New Jersey,108,2025-11-08,-0.004329349832248294,2,0.56,0.52,No Change,"Monmouth, NJ - Ocean (Brick Township), NJ","Monmouth, Ocean"
New Jersey,108,2025-11-15,-0.873788755314484,2,0.55,0.52,No Change,"Monmouth, NJ - Ocean (Brick Township), NJ","Monmouth, Ocean"
New Jersey,108,2025-11-22,-0.042294517080658484,2,0.51,0.55,Increasing,"Monmouth, NJ - Ocean (Brick Township), NJ","Monmouth, Ocean"
New Jersey,108,2025-11-29,0.1155926298466262,2,0.66,0.61,Increasing,"Monmouth, NJ - Ocean (Brick Township), NJ","Monmouth, Ocean"
New Jersey,108,2025-12-06,-0.028578298712881915,2,0.7,0.72,Increasing,"Monmouth, NJ - Ocean (Brick Township), NJ","Monmouth, Ocean"
New Jersey,108,2025-12-13,0.08737712897096317,2,0.77,0.87,Increasing,"Monmouth, NJ - Ocean (Brick Township), NJ","Monmouth, Ocean"
New Jersey,108,2025-12-20,0.07703545235095034,2,0.98,1.01,Increasing,"Monmouth, NJ - Ocean (Brick Township), NJ","Monmouth, Ocean"
New Jersey,108,2025-12-27,0.19942642989130907,2,1.25,1.1,No Change,"Monmouth, NJ - Ocean (Brick Township), NJ","Monmouth, Ocean"
New Jersey,108,2026-01-03,0.2472554533002973,2,1.18,1.14,No Change,"Monmouth, NJ - Ocean (Brick Township), NJ","Monmouth, Ocean"
New Jersey,108,2026-01-10,0.14522270386304376,2,1.13,1.1,Decreasing,"Monmouth, NJ - Ocean (Brick Township), NJ","Monmouth, Ocean"
New Jersey,108,2026-01-17,0.04812046409570961,2,0.74,1.0,Decreasing,"Monmouth, NJ - Ocean (Brick Township), NJ","Monmouth, Ocean"
New Jersey,108,2026-01-24,0.34727324113683666,2,1.0,0.9,Decreasing,"Monmouth, NJ - Ocean (Brick Township), NJ","Monmouth, Ocean"
New Jersey,108,2026-01-31,0.2829327931773428,2,0.83,0.84,No Change,"Monmouth, NJ - Ocean (Brick Township), NJ","Monmouth, Ocean"
New Jersey,108,2026-02-07,0.4407546134699945,2,0.91,0.81,No Change,"Monmouth, NJ - Ocean (Brick Township), NJ","Monmouth, Ocean"
New Jersey,108,2026-02-14,0.16211380651639568,2,0.84,0.79,No Change,"Monmouth, NJ - Ocean (Brick Township), NJ","Monmouth, Ocean"
New Jersey,108,2026-02-21,-0.07934316693149994,2,0.61,0.76,Decreasing,"Monmouth, NJ - Ocean (Brick Township), NJ","Monmouth, Ocean"
New Jersey,108,2026-02-28,0.23271292487193784,2,0.71,0.7,No Change,"Monmouth, NJ - Ocean (Brick Township), NJ","Monmouth, Ocean"
New Jersey,108,2026-03-07,0.14957289715036132,2,0.79,0.65,No Change,"Monmouth, NJ - Ocean (Brick Township), NJ","Monmouth, Ocean"
New Jersey,108,2026-03-14,0.42643633147532867,2,0.58,0.63,No Change,"Monmouth, NJ - Ocean (Brick Township), NJ","Monmouth, Ocean"
New Jersey,108,2026-03-21,0.35897476050448124,2,0.52,0.64,No Change,"Monmouth, NJ - Ocean (Brick Township), NJ","Monmouth, Ocean"
New Jersey,108,2026-03-28,0.15135011040281798,2,0.73,0.64,No Change,"Monmouth, NJ - Ocean (Brick Township), NJ","Monmouth, Ocean"
New Jersey,108,2026-04-04,0.2876830584401263,2,0.65,0.6,Decreasing,"Monmouth, NJ - Ocean (Brick Township), NJ","Monmouth, Ocean"
New Jersey,108,2026-04-11,-0.018488357416447956,2,0.51,0.51,Decreasing,"Monmouth, NJ - Ocean (Brick Township), NJ","Monmouth, Ocean"
New Jersey,108,2026-04-18,-0.2350569095426332,2,0.34,0.4,Decreasing,"Monmouth, NJ - Ocean (Brick Township), NJ","Monmouth, Ocean"
New Jersey,108,2026-04-25,-1.7877526740510983,2,0.34,0.3,Decreasing,"Monmouth, NJ - Ocean (Brick Township), NJ","Monmouth, Ocean"
New Jersey,108,2026-05-02,-0.4278442151325686,2,0.27,0.23,Decreasing,"Monmouth, NJ - Ocean (Brick Township), NJ","Monmouth, Ocean"
New Jersey,108,2026-05-09,-1.293347055056271,2,0.12,0.18,Decreasing,"Monmouth, NJ - Ocean (Brick Township), NJ","Monmouth, Ocean"
New Jersey,108,2026-05-16,-1.8649549109176924,2,0.15,0.15,Decreasing,"Monmouth, NJ - Ocean (Brick Township), NJ","Monmouth, Ocean"
New Jersey,108,2026-05-23,-2.1205254185970293,2,0.14,0.12,Decreasing,"Monmouth, NJ - Ocean (Brick Township), NJ","Monmouth, Ocean"
New Jersey,108,2026-05-30,-1.8362933398368102,2,0.12,0.11,Decreasing,"Monmouth, NJ - Ocean (Brick Township), NJ","Monmouth, Ocean"
New Jersey,108,2026-06-06,-2.0267546122441433,2,0.05,0.09,Decreasing,"Monmouth, NJ - Ocean (Brick Township), NJ","Monmouth, Ocean"
New Jersey,108,2026-06-13,-2.1199936170266827,2,0.12,0.08,No Change,"Monmouth, NJ - Ocean (Brick Township), NJ","Monmouth, Ocean"
New Jersey,108,2026-06-20,-1.4058342578739245,2,0.06,0.07,No Change,"Monmouth, NJ - Ocean (Brick Township), NJ","Monmouth, Ocean"
New Jersey,108,2026-06-27,-1.0351824674357366,2,0.05,0.08,No Change,"Monmouth, NJ - Ocean (Brick Township), NJ","Monmouth, Ocean"
New Jersey,108,2026-07-04,-0.7959603524450305,2,0.12,0.09,No Change,"Monmouth, NJ - Ocean (Brick Township), NJ","Monmouth, Ocean"
New Jersey,108,2026-07-11,-1.9549175080609216,2,0.05,0.1,No Change,"Monmouth, NJ - Ocean (Brick Township), NJ","Monmouth, Ocean"
New Jersey,108,2026-07-18,-2.6392884265954435,2,0.09,0.09,Decreasing,"Monmouth, NJ - Ocean (Brick Township), NJ","Monmouth, Ocean"
New Jersey,108,2026-07-25,-0.23291285138090662,2,0.15,0.06,Decreasing,"Monmouth, NJ - Ocean (Brick Township), NJ","Monmouth, Ocean"
New Jersey,108,2026-08-01,-0.2727120226105562,2,0.1,0.05,No Change,"Monmouth, NJ - Ocean (Brick Township), NJ","Monmouth, Ocean"
New Jersey,108,2026-08-08,-0.27348808092220656,2,0.14,0.06,Increasing,"Monmouth, NJ - Ocean (Brick Township), NJ","Monmouth, Ocean"
New Jersey,108,2026-08-15,-0.04449777983897766,2,0.17,0.15,Increasing,"Monmouth, NJ - Ocean (Brick Township), NJ","Monmouth, Ocean"
New Jersey,108,2026-08-22,0.35276780171452093,2,0.14,0.54,Increasing,"Monmouth, NJ - Ocean (Brick Township), NJ","Monmouth, Ocean"
New Jersey,108,2026-08-29,0.31936963245708805,2,0.46,1.69,Increasing,"Monmouth, NJ - Ocean (Brick Township), NJ","Monmouth, Ocean"
New Jersey,127,2025-01-04,0.9051835101516431,2,1.48,1.19,No Change,"Cumberland, NJ",Cumberland
New Jersey,127,2025-01-11,0.7966578533578854,2,1.24,1.2,No Change,"Cumberland, NJ",Cumberland
New Jersey,127,2025-01-18,0.7845485767590532,2,0.86,1.22,No Change,"Cumberland, NJ",Cumberland
New Jersey,127,2025-01-25,0.9479504647464757,2,0.95,1.25,No Change,"Cumberland, NJ",Cumberland
New Jersey,127,2025-02-01,0.8559614150031054,2,1.11,1.26,No Change,"Cumberland, NJ",Cumberland
New Jersey,127,2025-02-08,0.987512876250769,2,1.74,1.22,No Change,"Cumberland, NJ",Cumberland
New Jersey,127,2025-02-15,0.5498057609015461,2,1.4,1.12,No Change,"Cumberland, NJ",Cumberland
New Jersey,127,2025-02-22,0.7188912528327618,2,0.64,0.97,Decreasing,"Cumberland, NJ",Cumberland
New Jersey,127,2025-03-01,0.7907574124974913,2,0.68,0.8,Decreasing,"Cumberland, NJ",Cumberland
New Jersey,127,2025-03-08,0.6605560742057923,2,0.76,0.63,Decreasing,"Cumberland, NJ",Cumberland
New Jersey,127,2025-03-15,0.553704258284992,2,0.4,0.51,Decreasing,"Cumberland, NJ",Cumberland
New Jersey,127,2025-03-22,0.7014165012237311,2,0.45,0.42,Decreasing,"Cumberland, NJ",Cumberland
New Jersey,127,2025-03-29,0.5533430825587314,2,0.41,0.36,No Change,"Cumberland, NJ",Cumberland
New Jersey,127,2025-04-05,0.6411918699151176,2,0.22,0.33,No Change,"Cumberland, NJ",Cumberland
New Jersey,127,2025-04-12,0.5907646459170941,2,0.38,0.3,No Change,"Cumberland, NJ",Cumberland
New Jersey,127,2025-04-19,0.7099137206140302,2,0.19,0.29,No Change,"Cumberland, NJ",Cumberland
New Jersey,127,2025-04-26,0.3989550035973062,2,0.4,0.28,No Change,"Cumberland, NJ",Cumberland
New Jersey,127,2025-05-03,0.36310143925885807,2,0.24,0.27,No Change,"Cumberland, NJ",Cumberland
New Jersey,127,2025-05-10,0.19028671949770926,2,0.17,0.27,No Change,"Cumberland, NJ",Cumberland
New Jersey,127,2025-05-17,0.0343679025102218,2,0.36,0.27,No Change,"Cumberland, NJ",Cumberland
New Jersey,127,2025-05-24,-0.23465130161834216,2,0.29,0.26,No Change,"Cumberland, NJ",Cumberland
New Jersey,127,2025-05-31,0.558768216293339,2,0.29,0.26,No Change,"Cumberland, NJ",Cumberland
New Jersey,127,2025-06-07,0.42466540329029384,2,0.18,0.26,No Change,"Cumberland, NJ",Cumberland
New Jersey,127,2025-06-14,0.44284973792750554,2,0.33,0.26,No Change,"Cumberland, NJ",Cumberland
New Jersey,127,2025-06-21,0.35982375569929204,2,0.23,0.28,No Change,"Cumberland, NJ",Cumberland
New Jersey,127,2025-06-28,0.5907093571114513,2,0.34,0.3,No Change,"Cumberland, NJ",Cumberland
New Jersey,127,2025-07-05,0.14829024718403241,2,0.12,0.34,Increasing,"Cumberland, NJ",Cumberland
New Jersey,127,2025-07-12,0.5430149178636718,2,0.71,0.4,Increasing,"Cumberland, NJ",Cumberland
New Jersey,127,2025-07-19,0.5676983996001809,2,0.24,0.48,Increasing,"Cumberland, NJ",Cumberland
New Jersey,127,2025-07-26,0.6179040344499568,2,0.47,0.59,Increasing,"Cumberland, NJ",Cumberland
New Jersey,127,2025-08-02,-0.09974617636110594,2,0.98,0.72,Increasing,"Cumberland, NJ",Cumberland
New Jersey,127,2025-08-09,0.5925566124720156,2,0.9,0.85,Increasing,"Cumberland, NJ",Cumberland
New Jersey,127,2025-08-16,0.7655488427082863,2,0.87,0.96,No Change,"Cumberland, NJ",Cumberland
New Jersey,127,2025-08-23,0.5181344744286746,2,0.97,1.03,No Change,"Cumberland, NJ",Cumberland
New Jersey,127,2025-08-30,0.6077464097451402,2,1.16,1.06,No Change,"Cumberland, NJ",Cumberland
New Jersey,127,2025-09-06,0.7991801213912875,2,0.78,1.04,No Change,"Cumberland, NJ",Cumberland
New Jersey,127,2025-09-13,0.6740298674181142,2,1.04,0.97,No Change,"Cumberland, NJ",Cumberland
New Jersey,127,2025-09-20,0.546861021486621,2,1.35,0.83,Decreasing,"Cumberland, NJ",Cumberland
New Jersey,127,2025-09-27,0.5573357412716134,2,0.46,0.64,Decreasing,"Cumberland, NJ",Cumberland
New Jersey,127,2025-10-04,0.13511349643158327,2,0.3,0.45,Decreasing,"Cumberland, NJ",Cumberland
New Jersey,127,2025-10-11,0.30113043742845763,2,0.44,0.31,Decreasing,"Cumberland, NJ",Cumberland
New Jersey,127,2025-10-18,0.3358686787993975,2,0.19,0.23,Decreasing,"Cumberland, NJ",Cumberland
New Jersey,127,2025-10-25,-1.0332103393700725,2,0.0,0.19,No Change,"Cumberland, NJ",Cumberland
New Jersey,127,2025-11-01,0.06809549749094058,2,0.13,0.18,No Change,"Cumberland, NJ",Cumberland
New Jersey,127,2025-11-08,-1.5284097122865665,2,0.19,0.18,No Change,"Cumberland, NJ",Cumberland
New Jersey,127,2025-11-15,-0.8756029763936216,2,0.46,0.2,No Change,"Cumberland, NJ",Cumberland
New Jersey,127,2025-11-22,-0.9791887920082316,1,0.19,0.24,Increasing,"Cumberland, NJ",Cumberland
New Jersey,127,2025-11-29,-0.9742712383019679,2,0.07,0.31,Increasing,"Cumberland, NJ",Cumberland
New Jersey,127,2025-12-06,0.19038643160688928,2,0.32,0.42,Increasing,"Cumberland, NJ",Cumberland
New Jersey,127,2025-12-13,-0.2643184850009057,2,0.83,0.58,Increasing,"Cumberland, NJ",Cumberland
New Jersey,127,2025-12-20,0.35756788696166747,2,0.59,0.79,Increasing,"Cumberland, NJ",Cumberland
New Jersey,127,2026-01-03,0.22402052897292554,2,1.55,1.23,Increasing,"Cumberland, NJ",Cumberland
New Jersey,127,2026-01-10,0.35423347106125586,2,1.01,1.4,No Change,"Cumberland, NJ",Cumberland
New Jersey,127,2026-01-17,0.44015786546855784,2,1.6,1.49,No Change,"Cumberland, NJ",Cumberland
New Jersey,127,2026-01-24,0.44154627981025185,2,1.52,1.52,No Change,"Cumberland, NJ",Cumberland
New Jersey,127,2026-01-31,0.8623791147880541,2,1.67,1.49,No Change,"Cumberland, NJ",Cumberland
New Jersey,127,2026-02-07,0.8057985843778745,2,1.08,1.43,No Change,"Cumberland, NJ",Cumberland
New Jersey,127,2026-02-14,0.5440039153501799,2,1.39,1.3,Decreasing,"Cumberland, NJ",Cumberland
New Jersey,127,2026-02-21,-0.24535482414911824,2,1.25,1.1,Decreasing,"Cumberland, NJ",Cumberland
New Jersey,127,2026-02-28,0.6546416988437564,2,1.12,0.88,Decreasing,"Cumberland, NJ",Cumberland
New Jersey,127,2026-03-07,-0.2084492307062975,2,0.42,0.68,Decreasing,"Cumberland, NJ",Cumberland
New Jersey,127,2026-03-14,-0.09211295839044042,2,0.29,0.55,Decreasing,"Cumberland, NJ",Cumberland
New Jersey,127,2026-03-21,0.20787239324777695,2,0.54,0.45,Decreasing,"Cumberland, NJ",Cumberland
New Jersey,127,2026-03-28,-0.3247699502109153,2,0.56,0.37,Decreasing,"Cumberland, NJ",Cumberland
New Jersey,127,2026-04-04,-1.0016132942294649,2,0.29,0.29,Decreasing,"Cumberland, NJ",Cumberland
New Jersey,127,2026-04-11,-0.963765403928646,2,0.27,0.22,Decreasing,"Cumberland, NJ",Cumberland
New Jersey,127,2026-04-18,-0.34932961575379773,2,0.17,0.16,Decreasing,"Cumberland, NJ",Cumberland
New Jersey,127,2026-04-25,-0.5200281710135931,2,0.0,0.11,Decreasing,"Cumberland, NJ",Cumberland
New Jersey,127,2026-05-02,0.015855972124955403,2,0.07,0.08,Decreasing,"Cumberland, NJ",Cumberland
New Jersey,127,2026-05-09,-1.5128616228904308,2,0.06,0.06,Decreasing,"Cumberland, NJ",Cumberland
New Jersey,127,2026-05-16,-1.0921252277542752,2,0.18,0.05,Decreasing,"Cumberland, NJ",Cumberland
New Jersey,127,2026-05-23,-2.0633354101086288,2,0.0,0.04,No Change,"Cumberland, NJ",Cumberland
New Jersey,127,2026-05-30,-1.0337746646807857,2,0.0,0.03,No Change,"Cumberland, NJ",Cumberland
New Jersey,127,2026-06-06,-2.0633354101086288,2,0.0,0.03,No Change,"Cumberland, NJ",Cumberland
New Jersey,127,2026-06-13,-0.599558486718791,2,0.0,0.02,No Change,"Cumberland, NJ",Cumberland
New Jersey,127,2026-06-20,-1.090237776479985,2,0.0,0.02,No Change,"Cumberland, NJ",Cumberland
New Jersey,127,2026-06-27,-1.5801350587614933,2,0.12,0.02,No Change,"Cumberland, NJ",Cumberland
New Jersey,127,2026-07-04,-0.44886016220989566,2,0.0,0.03,No Change,"Cumberland, NJ",Cumberland
New Jersey,127,2026-07-11,-0.5572687407504462,2,0.0,0.03,No Change,"Cumberland, NJ",Cumberland
New Jersey,127,2026-07-18,-2.0633354101086288,2,0.19,0.03,No Change,"Cumberland, NJ",Cumberland
New Jersey,127,2026-07-25,-1.5662781465014972,2,0.0,0.04,Increasing,"Cumberland, NJ",Cumberland
New Jersey,127,2026-08-01,-0.5798005710741284,2,0.06,0.06,Increasing,"Cumberland, NJ",Cumberland
New Jersey,127,2026-08-08,-2.0633354101086288,2,0.06,0.11,Increasing,"Cumberland, NJ",Cumberland
New Jersey,127,2026-08-15,-0.32029432456446105,2,0.12,0.26,Increasing,"Cumberland, NJ",Cumberland
New Jersey,127,2026-08-22,-0.4185501068656864,2,0.12,0.64,Increasing,"Cumberland, NJ",Cumberland
New Jersey,127,2026-08-29,-0.37065659815207286,2,0.31,1.44,Increasing,"Cumberland, NJ",Cumberland
New Jersey,23,2025-01-04,1.0284843983402432,2,1.4,1.2,Increasing,"Camden (Camden), NJ - Burlington, NJ","Burlington, Camden, Gloucester, Salem"
New Jersey,23,2025-01-11,0.6508353665161634,3,1.18,1.25,No Change,"Camden (Camden), NJ - Burlington, NJ","Burlington, Camden, Gloucester, Salem"
New Jersey,23,2025-01-18,1.0634143330493568,3,1.2,1.24,No Change,"Camden (Camden), NJ - Burlington, NJ","Burlington, Camden, Gloucester, Salem"
New Jersey,23,2025-01-25,0.8462131467347911,3,1.11,1.19,No Change,"Camden (Camden), NJ - Burlington, NJ","Burlington, Camden, Gloucester, Salem"
New Jersey,23,2025-02-01,0.9078498681089707,3,1.05,1.14,Decreasing,"Camden (Camden), NJ - Burlington, NJ","Burlington, Camden, Gloucester, Salem"
New Jersey,23,2025-02-08,0.8820674273409166,3,1.3,1.11,No Change,"Camden (Camden), NJ - Burlington, NJ","Burlington, Camden, Gloucester, Salem"
New Jersey,23,2025-02-15,0.7483206922646926,2,1.1,1.07,No Change,"Camden (Camden), NJ - Burlington, NJ","Burlington, Camden, Gloucester, Salem"
New Jersey,23,2025-02-22,-0.02735231825175462,3,0.92,0.99,Decreasing,"Camden (Camden), NJ - Burlington, NJ","Burlington, Camden, Gloucester, Salem"
New Jersey,23,2025-03-01,0.5274196499984514,3,0.8,0.87,Decreasing,"Camden (Camden), NJ - Burlington, NJ","Burlington, Camden, Gloucester, Salem"
New Jersey,23,2025-03-08,0.7338442090954543,3,0.8,0.72,Decreasing,"Camden (Camden), NJ - Burlington, NJ","Burlington, Camden, Gloucester, Salem"
New Jersey,23,2025-03-15,0.6809163023883652,3,0.59,0.59,Decreasing,"Camden (Camden), NJ - Burlington, NJ","Burlington, Camden, Gloucester, Salem"
New Jersey,23,2025-03-22,0.7671076230655108,3,0.46,0.5,Decreasing,"Camden (Camden), NJ - Burlington, NJ","Burlington, Camden, Gloucester, Salem"
New Jersey,23,2025-03-29,0.4859391152945209,3,0.43,0.43,Decreasing,"Camden (Camden), NJ - Burlington, NJ","Burlington, Camden, Gloucester, Salem"
New Jersey,23,2025-04-05,0.44872540593098004,3,0.38,0.37,Decreasing,"Camden (Camden), NJ - Burlington, NJ","Burlington, Camden, Gloucester, Salem"
New Jersey,23,2025-04-12,0.553325060701221,3,0.3,0.33,Decreasing,"Camden (Camden), NJ - Burlington, NJ","Burlington, Camden, Gloucester, Salem"
New Jersey,23,2025-04-19,0.4123135636158515,3,0.36,0.29,Decreasing,"Camden (Camden), NJ - Burlington, NJ","Burlington, Camden, Gloucester, Salem"
New Jersey,23,2025-04-26,0.5850133823309999,3,0.25,0.26,Decreasing,"Camden (Camden), NJ - Burlington, NJ","Burlington, Camden, Gloucester, Salem"
New Jersey,23,2025-05-03,0.3861352590680383,3,0.22,0.23,Decreasing,"Camden (Camden), NJ - Burlington, NJ","Burlington, Camden, Gloucester, Salem"
New Jersey,23,2025-05-10,0.1203396738884372,3,0.2,0.21,No Change,"Camden (Camden), NJ - Burlington, NJ","Burlington, Camden, Gloucester, Salem"
New Jersey,23,2025-05-17,0.29518601140927264,3,0.18,0.19,No Change,"Camden (Camden), NJ - Burlington, NJ","Burlington, Camden, Gloucester, Salem"
New Jersey,23,2025-05-24,-0.06538924075860846,3,0.17,0.19,No Change,"Camden (Camden), NJ - Burlington, NJ","Burlington, Camden, Gloucester, Salem"
New Jersey,23,2025-05-31,-0.13002982847589636,3,0.24,0.18,No Change,"Camden (Camden), NJ - Burlington, NJ","Burlington, Camden, Gloucester, Salem"
New Jersey,23,2025-06-07,-0.2498408128940176,3,0.2,0.18,No Change,"Camden (Camden), NJ - Burlington, NJ","Burlington, Camden, Gloucester, Salem"
New Jersey,23,2025-06-14,0.22027560464791077,3,0.15,0.19,No Change,"Camden (Camden), NJ - Burlington, NJ","Burlington, Camden, Gloucester, Salem"
New Jersey,23,2025-06-21,0.3517414185026662,3,0.15,0.19,No Change,"Camden (Camden), NJ - Burlington, NJ","Burlington, Camden, Gloucester, Salem"
New Jersey,23,2025-06-28,-0.5816971676587023,3,0.24,0.21,No Change,"Camden (Camden), NJ - Burlington, NJ","Burlington, Camden, Gloucester, Salem"
New Jersey,23,2025-07-05,0.012855436810650711,3,0.25,0.22,No Change,"Camden (Camden), NJ - Burlington, NJ","Burlington, Camden, Gloucester, Salem"
New Jersey,23,2025-07-12,0.18470478909145893,3,0.23,0.24,Increasing,"Camden (Camden), NJ - Burlington, NJ","Burlington, Camden, Gloucester, Salem"
New Jersey,23,2025-07-19,0.044347376718440114,3,0.29,0.27,Increasing,"Camden (Camden), NJ - Burlington, NJ","Burlington, Camden, Gloucester, Salem"
New Jersey,23,2025-07-26,0.41871664300330247,3,0.28,0.32,Increasing,"Camden (Camden), NJ - Burlington, NJ","Burlington, Camden, Gloucester, Salem"
New Jersey,23,2025-08-02,0.2255923661726559,3,0.41,0.39,Increasing,"Camden (Camden), NJ - Burlington, NJ","Burlington, Camden, Gloucester, Salem"
New Jersey,23,2025-08-09,0.44960167044455196,3,0.41,0.46,Increasing,"Camden (Camden), NJ - Burlington, NJ","Burlington, Camden, Gloucester, Salem"
New Jersey,23,2025-08-16,0.5083650894667682,3,0.64,0.54,Increasing,"Camden (Camden), NJ - Burlington, NJ","Burlington, Camden, Gloucester, Salem"
New Jersey,23,2025-08-23,0.5220046604728237,3,0.52,0.61,Increasing,"Camden (Camden), NJ - Burlington, NJ","Burlington, Camden, Gloucester, Salem"
New Jersey,23,2025-08-30,0.3663482199120254,3,0.74,0.68,Increasing,"Camden (Camden), NJ - Burlington, NJ","Burlington, Camden, Gloucester, Salem"
New Jersey,23,2025-09-06,0.5971525657658753,3,0.65,0.73,No Change,"Camden (Camden), NJ - Burlington, NJ","Burlington, Camden, Gloucester, Salem"
New Jersey,23,2025-09-13,0.4635364338733034,3,0.78,0.74,No Change,"Camden (Camden), NJ - Burlington, NJ","Burlington, Camden, Gloucester, Salem"
New Jersey,23,2025-09-20,0.771627993863674,3,0.73,0.7,Decreasing,"Camden (Camden), NJ - Burlington, NJ","Burlington, Camden, Gloucester, Salem"
New Jersey,23,2025-09-27,0.3788336506746746,3,0.61,0.57,Decreasing,"Camden (Camden), NJ - Burlington, NJ","Burlington, Camden, Gloucester, Salem"
New Jersey,23,2025-10-04,0.4113646582172523,3,0.38,0.42,Decreasing,"Camden (Camden), NJ - Burlington, NJ","Burlington, Camden, Gloucester, Salem"
New Jersey,23,2025-10-11,0.2998140481281901,3,0.27,0.3,Decreasing,"Camden (Camden), NJ - Burlington, NJ","Burlington, Camden, Gloucester, Salem"
New Jersey,23,2025-10-18,0.08363590126008223,3,0.24,0.22,Decreasing,"Camden (Camden), NJ - Burlington, NJ","Burlington, Camden, Gloucester, Salem"
New Jersey,23,2025-10-25,-1.644917901989845,3,0.18,0.18,Decreasing,"Camden (Camden), NJ - Burlington, NJ","Burlington, Camden, Gloucester, Salem"
New Jersey,23,2025-11-01,-0.17058515928384135,3,0.15,0.16,No Change,"Camden (Camden), NJ - Burlington, NJ","Burlington, Camden, Gloucester, Salem"
New Jersey,23,2025-11-08,-0.26520449270963004,3,0.17,0.16,No Change,"Camden (Camden), NJ - Burlington, NJ","Burlington, Camden, Gloucester, Salem"
New Jersey,23,2025-11-15,0.11778502331829853,3,0.15,0.17,Increasing,"Camden (Camden), NJ - Burlington, NJ","Burlington, Camden, Gloucester, Salem"
New Jersey,23,2025-11-22,-0.09149892021600198,2,0.18,0.2,Increasing,"Camden (Camden), NJ - Burlington, NJ","Burlington, Camden, Gloucester, Salem"
New Jersey,23,2025-11-29,0.25488091714607514,3,0.26,0.25,Increasing,"Camden (Camden), NJ - Burlington, NJ","Burlington, Camden, Gloucester, Salem"
New Jersey,23,2025-12-06,0.25514317804441494,3,0.38,0.32,Increasing,"Camden (Camden), NJ - Burlington, NJ","Burlington, Camden, Gloucester, Salem"
New Jersey,23,2025-12-13,0.19187546459527258,3,0.38,0.42,Increasing,"Camden (Camden), NJ - Burlington, NJ","Burlington, Camden, Gloucester, Salem"
New Jersey,23,2025-12-20,0.607324217441741,3,0.46,0.54,Increasing,"Camden (Camden), NJ - Burlington, NJ","Burlington, Camden, Gloucester, Salem"
New Jersey,23,2025-12-27,0.23687221584108686,3,0.78,0.68,Increasing,"Camden (Camden), NJ - Burlington, NJ","Burlington, Camden, Gloucester, Salem"
New Jersey,23,2026-01-03,0.5595485986947235,3,0.77,0.79,Increasing,"Camden (Camden), NJ - Burlington, NJ","Burlington, Camden, Gloucester, Salem"
New Jersey,23,2026-01-10,0.5509693487039639,3,0.84,0.82,No Change,"Camden (Camden), NJ - Burlington, NJ","Burlington, Camden, Gloucester, Salem"
New Jersey,23,2026-01-17,0.22479502085634287,3,0.74,0.77,Decreasing,"Camden (Camden), NJ - Burlington, NJ","Burlington, Camden, Gloucester, Salem"
New Jersey,23,2026-01-24,0.35996328876098205,3,0.72,0.69,Decreasing,"Camden (Camden), NJ - Burlington, NJ","Burlington, Camden, Gloucester, Salem"
New Jersey,23,2026-01-31,0.23486579061812404,3,0.66,0.63,Decreasing,"Camden (Camden), NJ - Burlington, NJ","Burlington, Camden, Gloucester, Salem"
New Jersey,23,2026-02-07,0.49683054406965416,3,0.53,0.61,No Change,"Camden (Camden), NJ - Burlington, NJ","Burlington, Camden, Gloucester, Salem"
New Jersey,23,2026-02-14,0.34556380256576585,3,0.6,0.6,No Change,"Camden (Camden), NJ - Burlington, NJ","Burlington, Camden, Gloucester, Salem"
New Jersey,23,2026-02-21,0.460158097082072,3,0.56,0.58,No Change,"Camden (Camden), NJ - Burlington, NJ","Burlington, Camden, Gloucester, Salem"
New Jersey,23,2026-02-28,0.42784851281758646,3,0.63,0.54,Decreasing,"Camden (Camden), NJ - Burlington, NJ","Burlington, Camden, Gloucester, Salem"
New Jersey,23,2026-03-07,0.5421230876143827,3,0.52,0.48,Decreasing,"Camden (Camden), NJ - Burlington, NJ","Burlington, Camden, Gloucester, Salem"
New Jersey,23,2026-03-14,0.5052259196038422,3,0.42,0.42,Decreasing,"Camden (Camden), NJ - Burlington, NJ","Burlington, Camden, Gloucester, Salem"
New Jersey,23,2026-03-21,0.2369657156634292,3,0.26,0.36,Decreasing,"Camden (Camden), NJ - Burlington, NJ","Burlington, Camden, Gloucester, Salem"
New Jersey,23,2026-03-28,0.2691368606350993,2,0.27,0.3,Decreasing,"Camden (Camden), NJ - Burlington, NJ","Burlington, Camden, Gloucester, Salem"
New Jersey,23,2026-04-04,0.43294849782741407,3,0.34,0.27,Decreasing,"Camden (Camden), NJ - Burlington, NJ","Burlington, Camden, Gloucester, Salem"
New Jersey,23,2026-04-11,0.2780170371399595,3,0.21,0.24,No Change,"Camden (Camden), NJ - Burlington, NJ","Burlington, Camden, Gloucester, Salem"
New Jersey,23,2026-04-18,-0.0749867482339936,3,0.25,0.21,Decreasing,"Camden (Camden), NJ - Burlington, NJ","Burlington, Camden, Gloucester, Salem"
New Jersey,23,2026-04-25,-1.1165867639460756,3,0.17,0.17,Decreasing,"Camden (Camden), NJ - Burlington, NJ","Burlington, Camden, Gloucester, Salem"
New Jersey,23,2026-05-02,-0.17615604118887118,3,0.14,0.13,Decreasing,"Camden (Camden), NJ - Burlington, NJ","Burlington, Camden, Gloucester, Salem"
New Jersey,23,2026-05-09,-0.48598562650458627,3,0.1,0.1,Decreasing,"Camden (Camden), NJ - Burlington, NJ","Burlington, Camden, Gloucester, Salem"
New Jersey,23,2026-05-16,-1.8692356195511943,3,0.05,0.07,Decreasing,"Camden (Camden), NJ - Burlington, NJ","Burlington, Camden, Gloucester, Salem"
New Jersey,23,2026-05-23,-1.9791189676567609,3,0.05,0.06,Decreasing,"Camden (Camden), NJ - Burlington, NJ","Burlington, Camden, Gloucester, Salem"
New Jersey,23,2026-05-30,-0.9838018508580535,3,0.08,0.05,No Change,"Camden (Camden), NJ - Burlington, NJ","Burlington, Camden, Gloucester, Salem"
New Jersey,23,2026-06-06,-0.9813874052394532,3,0.05,0.05,No Change,"Camden (Camden), NJ - Burlington, NJ","Burlington, Camden, Gloucester, Salem"
New Jersey,23,2026-06-13,-1.5088844728094208,3,0.03,0.04,No Change,"Camden (Camden), NJ - Burlington, NJ","Burlington, Camden, Gloucester, Salem"
New Jersey,23,2026-06-20,-2.674333767805886,3,0.03,0.04,No Change,"Camden (Camden), NJ - Burlington, NJ","Burlington, Camden, Gloucester, Salem"
New Jersey,23,2026-06-27,-0.3952812541833144,2,0.06,0.04,No Change,"Camden (Camden), NJ - Burlington, NJ","Burlington, Camden, Gloucester, Salem"
New Jersey,23,2026-07-04,-1.6022798947897987,3,0.07,0.05,No Change,"Camden (Camden), NJ - Burlington, NJ","Burlington, Camden, Gloucester, Salem"
New Jersey,23,2026-07-11,-1.3452555786098361,3,0.03,0.05,No Change,"Camden (Camden), NJ - Burlington, NJ","Burlington, Camden, Gloucester, Salem"
New Jersey,23,2026-07-18,-1.9100138550555876,3,0.08,0.05,No Change,"Camden (Camden), NJ - Burlington, NJ","Burlington, Camden, Gloucester, Salem"
New Jersey,23,2026-07-25,-1.718390166246768,3,0.04,0.04,No Change,"Camden (Camden), NJ - Burlington, NJ","Burlington, Camden, Gloucester, Salem"
New Jersey,23,2026-08-01,-1.5959331877762748,3,0.05,0.05,Increasing,"Camden (Camden), NJ - Burlington, NJ","Burlington, Camden, Gloucester, Salem"
New Jersey,23,2026-08-08,0.13021949895335821,3,0.09,0.07,Increasing,"Camden (Camden), NJ - Burlington, NJ","Burlington, Camden, Gloucester, Salem"
New Jersey,23,2026-08-15,-0.22941749262835773,3,0.2,0.15,Increasing,"Camden (Camden), NJ - Burlington, NJ","Burlington, Camden, Gloucester, Salem"
New Jersey,23,2026-08-22,0.27677431270622543,3,0.21,0.39,Increasing,"Camden (Camden), NJ - Burlington, NJ","Burlington, Camden, Gloucester, Salem"
New Jersey,23,2026-08-29,-0.15441241623612068,3,0.18,0.95,Increasing,"Camden (Camden), NJ - Burlington, NJ","Burlington, Camden, Gloucester, Salem"
New Jersey,36,2025-01-04,0.8100213668812117,2,1.07,0.99,Increasing,"Bergen, NJ - Hudson (Jersey City), NJ","Bergen, Hudson, Passaic"
New Jersey,36,2025-01-11,0.8248463288624421,3,0.99,1.04,Increasing,"Bergen, NJ - Hudson (Jersey City), NJ","Bergen, Hudson, Passaic"
New Jersey,36,2025-01-18,0.7990283122136814,3,1.08,1.08,No Change,"Bergen, NJ - Hudson (Jersey City), NJ","Bergen, Hudson, Passaic"
New Jersey,36,2025-01-25,0.8145743751244905,3,1.01,1.1,No Change,"Bergen, NJ - Hudson (Jersey City), NJ","Bergen, Hudson, Passaic"
New Jersey,36,2025-02-01,1.0199461895249857,3,1.07,1.1,No Change,"Bergen, NJ - Hudson (Jersey City), NJ","Bergen, Hudson, Passaic"
New Jersey,36,2025-02-08,0.7742816756671335,3,1.23,1.07,No Change,"Bergen, NJ - Hudson (Jersey City), NJ","Bergen, Hudson, Passaic"
New Jersey,36,2025-02-15,0.7533703644239412,3,1.0,1.03,No Change,"Bergen, NJ - Hudson (Jersey City), NJ","Bergen, Hudson, Passaic"
New Jersey,36,2025-02-22,0.6861483317192981,3,0.94,1.01,No Change,"Bergen, NJ - Hudson (Jersey City), NJ","Bergen, Hudson, Passaic"
New Jersey,36,2025-03-01,0.7881584594639186,3,1.05,1.04,Increasing,"Bergen, NJ - Hudson (Jersey City), NJ","Bergen, Hudson, Passaic"
New Jersey,36,2025-03-08,0.7662388463535738,3,1.09,1.1,Increasing,"Bergen, NJ - Hudson (Jersey City), NJ","Bergen, Hudson, Passaic"
New Jersey,36,2025-03-15,0.7832485909009694,3,1.09,1.16,No Change,"Bergen, NJ - Hudson (Jersey City), NJ","Bergen, Hudson, Passaic"
New Jersey,36,2025-03-22,0.9269492505749645,3,1.23,1.15,No Change,"Bergen, NJ - Hudson (Jersey City), NJ","Bergen, Hudson, Passaic"
New Jersey,36,2025-03-29,0.8436538795712121,3,1.21,1.1,Decreasing,"Bergen, NJ - Hudson (Jersey City), NJ","Bergen, Hudson, Passaic"
New Jersey,36,2025-04-05,0.6890150038136026,3,0.92,1.01,Decreasing,"Bergen, NJ - Hudson (Jersey City), NJ","Bergen, Hudson, Passaic"
New Jersey,36,2025-04-12,0.8329361503402021,3,0.82,0.92,Decreasing,"Bergen, NJ - Hudson (Jersey City), NJ","Bergen, Hudson, Passaic"
New Jersey,36,2025-04-19,0.7610225931225109,3,0.93,0.82,Decreasing,"Bergen, NJ - Hudson (Jersey City), NJ","Bergen, Hudson, Passaic"
New Jersey,36,2025-04-26,0.7502785076641777,3,0.66,0.72,Decreasing,"Bergen, NJ - Hudson (Jersey City), NJ","Bergen, Hudson, Passaic"
New Jersey,36,2025-05-03,0.6040858061418991,3,0.71,0.63,Decreasing,"Bergen, NJ - Hudson (Jersey City), NJ","Bergen, Hudson, Passaic"
New Jersey,36,2025-05-10,0.5238277721286679,3,0.47,0.54,Decreasing,"Bergen, NJ - Hudson (Jersey City), NJ","Bergen, Hudson, Passaic"
New Jersey,36,2025-05-17,0.5178334031741058,3,0.49,0.48,Decreasing,"Bergen, NJ - Hudson (Jersey City), NJ","Bergen, Hudson, Passaic"
New Jersey,36,2025-05-24,0.027549821931400043,3,0.4,0.45,No Change,"Bergen, NJ - Hudson (Jersey City), NJ","Bergen, Hudson, Passaic"
New Jersey,36,2025-05-31,0.5263346986300105,3,0.49,0.43,No Change,"Bergen, NJ - Hudson (Jersey City), NJ","Bergen, Hudson, Passaic"
New Jersey,36,2025-06-07,0.5425755443993522,3,0.46,0.42,No Change,"Bergen, NJ - Hudson (Jersey City), NJ","Bergen, Hudson, Passaic"
New Jersey,36,2025-06-14,0.4361836107694632,3,0.36,0.41,No Change,"Bergen, NJ - Hudson (Jersey City), NJ","Bergen, Hudson, Passaic"
New Jersey,36,2025-06-21,0.4407731054396869,3,0.39,0.41,No Change,"Bergen, NJ - Hudson (Jersey City), NJ","Bergen, Hudson, Passaic"
New Jersey,36,2025-06-28,0.4829970290044289,3,0.43,0.41,No Change,"Bergen, NJ - Hudson (Jersey City), NJ","Bergen, Hudson, Passaic"
New Jersey,36,2025-07-05,0.5187196094533101,2,0.42,0.42,No Change,"Bergen, NJ - Hudson (Jersey City), NJ","Bergen, Hudson, Passaic"
New Jersey,36,2025-07-12,0.48493589969242884,3,0.49,0.44,No Change,"Bergen, NJ - Hudson (Jersey City), NJ","Bergen, Hudson, Passaic"
New Jersey,36,2025-07-19,0.3159332624176659,3,0.48,0.48,Increasing,"Bergen, NJ - Hudson (Jersey City), NJ","Bergen, Hudson, Passaic"
New Jersey,36,2025-07-26,0.4490231333817309,3,0.45,0.56,Increasing,"Bergen, NJ - Hudson (Jersey City), NJ","Bergen, Hudson, Passaic"
New Jersey,36,2025-08-02,-0.36856837023826766,2,0.73,0.66,Increasing,"Bergen, NJ - Hudson (Jersey City), NJ","Bergen, Hudson, Passaic"
New Jersey,36,2025-08-09,0.012004692414740503,3,0.77,0.79,Increasing,"Bergen, NJ - Hudson (Jersey City), NJ","Bergen, Hudson, Passaic"
New Jersey,36,2025-08-16,0.2530721106587171,3,0.93,0.9,Increasing,"Bergen, NJ - Hudson (Jersey City), NJ","Bergen, Hudson, Passaic"
New Jersey,36,2025-08-23,-0.04442079145426603,3,1.06,0.98,Increasing,"Bergen, NJ - Hudson (Jersey City), NJ","Bergen, Hudson, Passaic"
New Jersey,36,2025-08-30,-0.05547048203173307,3,0.83,1.04,Increasing,"Bergen, NJ - Hudson (Jersey City), NJ","Bergen, Hudson, Passaic"
New Jersey,36,2025-09-06,-0.3373607092524572,2,1.2,1.11,Increasing,"Bergen, NJ - Hudson (Jersey City), NJ","Bergen, Hudson, Passaic"
New Jersey,36,2025-09-13,0.3993569436936221,3,1.21,1.15,No Change,"Bergen, NJ - Hudson (Jersey City), NJ","Bergen, Hudson, Passaic"
New Jersey,36,2025-09-20,0.16655259766576033,3,1.06,1.11,Decreasing,"Bergen, NJ - Hudson (Jersey City), NJ","Bergen, Hudson, Passaic"
New Jersey,36,2025-09-27,0.21007082872942895,3,1.01,0.95,Decreasing,"Bergen, NJ - Hudson (Jersey City), NJ","Bergen, Hudson, Passaic"
New Jersey,36,2025-10-04,-0.9097979129402969,3,0.71,0.73,Decreasing,"Bergen, NJ - Hudson (Jersey City), NJ","Bergen, Hudson, Passaic"
New Jersey,36,2025-10-11,-0.17566937654921558,3,0.51,0.53,Decreasing,"Bergen, NJ - Hudson (Jersey City), NJ","Bergen, Hudson, Passaic"
New Jersey,36,2025-10-18,0.2838961347822867,2,0.42,0.4,Decreasing,"Bergen, NJ - Hudson (Jersey City), NJ","Bergen, Hudson, Passaic"
New Jersey,36,2025-10-25,-1.059373359345703,3,0.3,0.32,Decreasing,"Bergen, NJ - Hudson (Jersey City), NJ","Bergen, Hudson, Passaic"
New Jersey,36,2025-11-01,0.14056674676377948,3,0.27,0.27,Decreasing,"Bergen, NJ - Hudson (Jersey City), NJ","Bergen, Hudson, Passaic"
New Jersey,36,2025-11-08,-0.7149766216493809,2,0.29,0.26,No Change,"Bergen, NJ - Hudson (Jersey City), NJ","Bergen, Hudson, Passaic"
New Jersey,36,2025-11-15,-0.03331285646619717,3,0.23,0.28,Increasing,"Bergen, NJ - Hudson (Jersey City), NJ","Bergen, Hudson, Passaic"
New Jersey,36,2025-11-22,-0.3756313900703714,3,0.28,0.31,Increasing,"Bergen, NJ - Hudson (Jersey City), NJ","Bergen, Hudson, Passaic"
New Jersey,36,2025-11-29,0.007574357817215563,2,0.38,0.35,Increasing,"Bergen, NJ - Hudson (Jersey City), NJ","Bergen, Hudson, Passaic"
New Jersey,36,2025-12-06,-0.2390289514408003,3,0.48,0.39,Increasing,"Bergen, NJ - Hudson (Jersey City), NJ","Bergen, Hudson, Passaic"
New Jersey,36,2025-12-13,0.23858498665173355,3,0.41,0.43,Increasing,"Bergen, NJ - Hudson (Jersey City), NJ","Bergen, Hudson, Passaic"
New Jersey,36,2025-12-20,0.2968698176700042,3,0.42,0.5,Increasing,"Bergen, NJ - Hudson (Jersey City), NJ","Bergen, Hudson, Passaic"
New Jersey,36,2025-12-27,-0.22436015462668638,2,0.59,0.58,Increasing,"Bergen, NJ - Hudson (Jersey City), NJ","Bergen, Hudson, Passaic"
New Jersey,36,2026-01-03,-0.4573124661648458,2,0.66,0.65,Increasing,"Bergen, NJ - Hudson (Jersey City), NJ","Bergen, Hudson, Passaic"
New Jersey,36,2026-01-10,0.18721750576329582,2,0.74,0.67,No Change,"Bergen, NJ - Hudson (Jersey City), NJ","Bergen, Hudson, Passaic"
New Jersey,36,2026-01-17,-0.3666629167428239,2,0.6,0.63,Decreasing,"Bergen, NJ - Hudson (Jersey City), NJ","Bergen, Hudson, Passaic"
New Jersey,36,2026-01-24,0.289367310598652,2,0.49,0.57,Decreasing,"Bergen, NJ - Hudson (Jersey City), NJ","Bergen, Hudson, Passaic"
New Jersey,36,2026-01-31,0.2806632994632145,2,0.57,0.53,No Change,"Bergen, NJ - Hudson (Jersey City), NJ","Bergen, Hudson, Passaic"
New Jersey,36,2026-02-07,-0.33481147110874987,2,0.52,0.52,No Change,"Bergen, NJ - Hudson (Jersey City), NJ","Bergen, Hudson, Passaic"
New Jersey,36,2026-02-14,0.1996530639287112,3,0.49,0.52,No Change,"Bergen, NJ - Hudson (Jersey City), NJ","Bergen, Hudson, Passaic"
New Jersey,36,2026-02-21,0.21331377283802416,2,0.6,0.53,No Change,"Bergen, NJ - Hudson (Jersey City), NJ","Bergen, Hudson, Passaic"
New Jersey,36,2026-02-28,0.15213916903356042,3,0.45,0.53,No Change,"Bergen, NJ - Hudson (Jersey City), NJ","Bergen, Hudson, Passaic"
New Jersey,36,2026-03-07,0.449966618899642,3,0.56,0.54,No Change,"Bergen, NJ - Hudson (Jersey City), NJ","Bergen, Hudson, Passaic"
New Jersey,36,2026-03-14,0.6260841411339325,3,0.65,0.57,Increasing,"Bergen, NJ - Hudson (Jersey City), NJ","Bergen, Hudson, Passaic"
New Jersey,36,2026-03-21,0.37337992827766153,3,0.48,0.61,No Change,"Bergen, NJ - Hudson (Jersey City), NJ","Bergen, Hudson, Passaic"
New Jersey,36,2026-03-28,-0.38460264309224507,3,0.64,0.62,No Change,"Bergen, NJ - Hudson (Jersey City), NJ","Bergen, Hudson, Passaic"
New Jersey,36,2026-04-04,0.34067423671045766,2,0.65,0.57,Decreasing,"Bergen, NJ - Hudson (Jersey City), NJ","Bergen, Hudson, Passaic"
New Jersey,36,2026-04-11,-1.239030182540905,3,0.47,0.47,Decreasing,"Bergen, NJ - Hudson (Jersey City), NJ","Bergen, Hudson, Passaic"
New Jersey,36,2026-04-18,-0.6079273587629629,3,0.36,0.36,Decreasing,"Bergen, NJ - Hudson (Jersey City), NJ","Bergen, Hudson, Passaic"
New Jersey,36,2026-04-25,-1.4572383952899894,3,0.27,0.28,Decreasing,"Bergen, NJ - Hudson (Jersey City), NJ","Bergen, Hudson, Passaic"
New Jersey,36,2026-05-02,-0.4215143263016956,3,0.19,0.23,Decreasing,"Bergen, NJ - Hudson (Jersey City), NJ","Bergen, Hudson, Passaic"
New Jersey,36,2026-05-09,-0.6601074632681588,3,0.2,0.2,Decreasing,"Bergen, NJ - Hudson (Jersey City), NJ","Bergen, Hudson, Passaic"
New Jersey,36,2026-05-16,-0.6096323127108257,3,0.19,0.17,Decreasing,"Bergen, NJ - Hudson (Jersey City), NJ","Bergen, Hudson, Passaic"
New Jersey,36,2026-05-23,-0.8638195259323145,3,0.17,0.15,No Change,"Bergen, NJ - Hudson (Jersey City), NJ","Bergen, Hudson, Passaic"
New Jersey,36,2026-05-30,-1.7032767601320913,2,0.14,0.14,No Change,"Bergen, NJ - Hudson (Jersey City), NJ","Bergen, Hudson, Passaic"
New Jersey,36,2026-06-06,-0.8896408313613261,3,0.13,0.13,Decreasing,"Bergen, NJ - Hudson (Jersey City), NJ","Bergen, Hudson, Passaic"
New Jersey,36,2026-06-13,-1.0817176567454256,3,0.11,0.12,No Change,"Bergen, NJ - Hudson (Jersey City), NJ","Bergen, Hudson, Passaic"
New Jersey,36,2026-06-20,-1.2703581374587376,3,0.1,0.11,No Change,"Bergen, NJ - Hudson (Jersey City), NJ","Bergen, Hudson, Passaic"
New Jersey,36,2026-06-27,-1.370594643914593,3,0.11,0.12,Increasing,"Bergen, NJ - Hudson (Jersey City), NJ","Bergen, Hudson, Passaic"
New Jersey,36,2026-07-04,-0.3163284730348284,3,0.12,0.14,Increasing,"Bergen, NJ - Hudson (Jersey City), NJ","Bergen, Hudson, Passaic"
New Jersey,36,2026-07-11,-0.8402274331723842,3,0.2,0.16,Increasing,"Bergen, NJ - Hudson (Jersey City), NJ","Bergen, Hudson, Passaic"
New Jersey,36,2026-07-18,-0.586523506556051,2,0.18,0.17,No Change,"Bergen, NJ - Hudson (Jersey City), NJ","Bergen, Hudson, Passaic"
New Jersey,36,2026-07-25,-2.0786406353790974,3,0.16,0.16,No Change,"Bergen, NJ - Hudson (Jersey City), NJ","Bergen, Hudson, Passaic"
New Jersey,36,2026-08-01,-0.6498666898186395,2,0.22,0.15,No Change,"Bergen, NJ - Hudson (Jersey City), NJ","Bergen, Hudson, Passaic"
New Jersey,36,2026-08-08,-0.2068197093242178,3,0.25,0.18,Increasing,"Bergen, NJ - Hudson (Jersey City), NJ","Bergen, Hudson, Passaic"
New Jersey,36,2026-08-15,0.2603500853767295,3,0.29,0.31,Increasing,"Bergen, NJ - Hudson (Jersey City), NJ","Bergen, Hudson, Passaic"
New Jersey,36,2026-08-22,0.136533111620532,3,0.37,0.62,Increasing,"Bergen, NJ - Hudson (Jersey City), NJ","Bergen, Hudson, Passaic"
New Jersey,36,2026-08-29,-0.021976059651854413,3,0.37,1.23,Increasing,"Bergen, NJ - Hudson (Jersey City), NJ","Bergen, Hudson, Passaic"
New Jersey,64,2025-01-04,1.0663009576665448,2,1.93,1.46,Increasing,"Atlantic (Atlantic City), NJ - Cape May, NJ","Atlantic, Cape May"
New Jersey,64,2025-01-11,0.9299389117034923,2,1.55,1.62,No Change,"Atlantic (Atlantic City), NJ - Cape May, NJ","Atlantic, Cape May"
New Jersey,64,2025-01-18,0.9945085244258346,2,1.52,1.62,No Change,"Atlantic (Atlantic City), NJ - Cape May, NJ","Atlantic, Cape May"
New Jersey,64,2025-01-25,1.0432306874327646,2,1.19,1.5,Decreasing,"Atlantic (Atlantic City), NJ - Cape May, NJ","Atlantic, Cape May"
New Jersey,64,2025-02-01,0.9036065394203008,2,1.72,1.36,Decreasing,"Atlantic (Atlantic City), NJ - Cape May, NJ","Atlantic, Cape May"
New Jersey,64,2025-02-08,0.9069620242436647,2,1.15,1.24,No Change,"Atlantic (Atlantic City), NJ - Cape May, NJ","Atlantic, Cape May"
New Jersey,64,2025-02-15,0.8451990894522602,2,0.97,1.15,No Change,"Atlantic (Atlantic City), NJ - Cape May, NJ","Atlantic, Cape May"
New Jersey,64,2025-02-22,0.7636912600943804,2,1.15,1.06,Decreasing,"Atlantic (Atlantic City), NJ - Cape May, NJ","Atlantic, Cape May"
New Jersey,64,2025-03-01,0.809361434593991,2,1.12,0.95,Decreasing,"Atlantic (Atlantic City), NJ - Cape May, NJ","Atlantic, Cape May"
New Jersey,64,2025-03-08,0.7904409736569846,2,0.77,0.85,Decreasing,"Atlantic (Atlantic City), NJ - Cape May, NJ","Atlantic, Cape May"
New Jersey,64,2025-03-15,0.7583152812666039,2,0.62,0.77,Decreasing,"Atlantic (Atlantic City), NJ - Cape May, NJ","Atlantic, Cape May"
New Jersey,64,2025-03-22,0.807101456275221,2,0.77,0.72,No Change,"Atlantic (Atlantic City), NJ - Cape May, NJ","Atlantic, Cape May"
New Jersey,64,2025-03-29,0.6841617972385015,2,0.62,0.67,No Change,"Atlantic (Atlantic City), NJ - Cape May, NJ","Atlantic, Cape May"
New Jersey,64,2025-04-05,0.823893598561843,2,0.75,0.61,Decreasing,"Atlantic (Atlantic City), NJ - Cape May, NJ","Atlantic, Cape May"
New Jersey,64,2025-04-12,-0.05087156797133896,2,0.65,0.53,Decreasing,"Atlantic (Atlantic City), NJ - Cape May, NJ","Atlantic, Cape May"
New Jersey,64,2025-04-19,0.29487387721008623,2,0.28,0.44,Decreasing,"Atlantic (Atlantic City), NJ - Cape May, NJ","Atlantic, Cape May"
New Jersey,64,2025-04-26,0.5762156918278977,2,0.3,0.37,Decreasing,"Atlantic (Atlantic City), NJ - Cape May, NJ","Atlantic, Cape May"
New Jersey,64,2025-05-03,0.36299240142763245,2,0.43,0.32,No Change,"Atlantic (Atlantic City), NJ - Cape May, NJ","Atlantic, Cape May"
New Jersey,64,2025-05-10,0.2661804413090474,2,0.18,0.29,No Change,"Atlantic (Atlantic City), NJ - Cape May, NJ","Atlantic, Cape May"
New Jersey,64,2025-05-17,-0.11200774982521614,2,0.27,0.27,No Change,"Atlantic (Atlantic City), NJ - Cape May, NJ","Atlantic, Cape May"
New Jersey,64,2025-05-24,0.26789919655364103,2,0.31,0.25,No Change,"Atlantic (Atlantic City), NJ - Cape May, NJ","Atlantic, Cape May"
New Jersey,64,2025-05-31,-0.25669630040950353,2,0.26,0.24,No Change,"Atlantic (Atlantic City), NJ - Cape May, NJ","Atlantic, Cape May"
New Jersey,64,2025-06-07,0.3877104388975663,2,0.23,0.23,No Change,"Atlantic (Atlantic City), NJ - Cape May, NJ","Atlantic, Cape May"
New Jersey,64,2025-06-14,0.1782265664316025,2,0.2,0.22,No Change,"Atlantic (Atlantic City), NJ - Cape May, NJ","Atlantic, Cape May"
New Jersey,64,2025-06-21,-0.2140240900241887,2,0.31,0.21,No Change,"Atlantic (Atlantic City), NJ - Cape May, NJ","Atlantic, Cape May"
New Jersey,64,2025-06-28,-0.32144066292496165,2,0.07,0.21,No Change,"Atlantic (Atlantic City), NJ - Cape May, NJ","Atlantic, Cape May"
New Jersey,64,2025-07-05,-0.7081714688057317,2,0.29,0.24,Increasing,"Atlantic (Atlantic City), NJ - Cape May, NJ","Atlantic, Cape May"
New Jersey,64,2025-07-12,0.146652047711983,2,0.22,0.28,Increasing,"Atlantic (Atlantic City), NJ - Cape May, NJ","Atlantic, Cape May"
New Jersey,64,2025-07-19,0.437186231923843,2,0.37,0.34,Increasing,"Atlantic (Atlantic City), NJ - Cape May, NJ","Atlantic, Cape May"
New Jersey,64,2025-07-26,0.42946996455812225,2,0.43,0.45,Increasing,"Atlantic (Atlantic City), NJ - Cape May, NJ","Atlantic, Cape May"
New Jersey,64,2025-08-02,-0.3928221020261004,2,0.59,0.59,Increasing,"Atlantic (Atlantic City), NJ - Cape May, NJ","Atlantic, Cape May"
New Jersey,64,2025-08-09,0.4813054133836948,2,0.74,0.75,Increasing,"Atlantic (Atlantic City), NJ - Cape May, NJ","Atlantic, Cape May"
New Jersey,64,2025-08-16,0.35800901791523776,2,0.91,0.91,Increasing,"Atlantic (Atlantic City), NJ - Cape May, NJ","Atlantic, Cape May"
New Jersey,64,2025-08-23,0.553956452918444,2,1.18,1.02,No Change,"Atlantic (Atlantic City), NJ - Cape May, NJ","Atlantic, Cape May"
New Jersey,64,2025-08-30,0.5479700925622815,2,1.01,1.07,No Change,"Atlantic (Atlantic City), NJ - Cape May, NJ","Atlantic, Cape May"
New Jersey,64,2025-09-06,0.6448833579063814,2,1.04,1.05,No Change,"Atlantic (Atlantic City), NJ - Cape May, NJ","Atlantic, Cape May"
New Jersey,64,2025-09-13,0.5934424138704741,2,0.97,0.97,No Change,"Atlantic (Atlantic City), NJ - Cape May, NJ","Atlantic, Cape May"
New Jersey,64,2025-09-20,0.7072315261988232,2,0.9,0.86,Decreasing,"Atlantic (Atlantic City), NJ - Cape May, NJ","Atlantic, Cape May"
New Jersey,64,2025-09-27,0.5448447366161999,2,0.64,0.75,Decreasing,"Atlantic (Atlantic City), NJ - Cape May, NJ","Atlantic, Cape May"
New Jersey,64,2025-10-04,0.19609209293276117,2,0.68,0.65,Decreasing,"Atlantic (Atlantic City), NJ - Cape May, NJ","Atlantic, Cape May"
New Jersey,64,2025-10-11,0.0769622813890832,2,0.62,0.54,Decreasing,"Atlantic (Atlantic City), NJ - Cape May, NJ","Atlantic, Cape May"
New Jersey,64,2025-10-18,-0.1130752992146555,2,0.59,0.44,Decreasing,"Atlantic (Atlantic City), NJ - Cape May, NJ","Atlantic, Cape May"
New Jersey,64,2025-10-25,-1.3244344233841474,2,0.19,0.35,Decreasing,"Atlantic (Atlantic City), NJ - Cape May, NJ","Atlantic, Cape May"
New Jersey,64,2025-11-01,0.04091529662067478,2,0.31,0.29,Decreasing,"Atlantic (Atlantic City), NJ - Cape May, NJ","Atlantic, Cape May"
New Jersey,64,2025-11-08,-1.287532162194232,2,0.17,0.26,No Change,"Atlantic (Atlantic City), NJ - Cape May, NJ","Atlantic, Cape May"
New Jersey,64,2025-11-15,0.07811405181312298,2,0.24,0.26,No Change,"Atlantic (Atlantic City), NJ - Cape May, NJ","Atlantic, Cape May"
New Jersey,64,2025-11-22,-0.08743156764481005,2,0.34,0.29,Increasing,"Atlantic (Atlantic City), NJ - Cape May, NJ","Atlantic, Cape May"
New Jersey,64,2025-11-29,0.2932072811260618,2,0.38,0.34,Increasing,"Atlantic (Atlantic City), NJ - Cape May, NJ","Atlantic, Cape May"
New Jersey,64,2025-12-06,0.14700223000082685,2,0.3,0.44,Increasing,"Atlantic (Atlantic City), NJ - Cape May, NJ","Atlantic, Cape May"
New Jersey,64,2025-12-13,0.36345965992462337,2,0.6,0.56,Increasing,"Atlantic (Atlantic City), NJ - Cape May, NJ","Atlantic, Cape May"
New Jersey,64,2025-12-20,0.2650506291712748,2,0.55,0.71,Increasing,"Atlantic (Atlantic City), NJ - Cape May, NJ","Atlantic, Cape May"
New Jersey,64,2025-12-27,0.2362730765435281,2,1.11,0.84,Increasing,"Atlantic (Atlantic City), NJ - Cape May, NJ","Atlantic, Cape May"
New Jersey,64,2026-01-03,0.48674492291968396,2,1.12,0.94,No Change,"Atlantic (Atlantic City), NJ - Cape May, NJ","Atlantic, Cape May"
New Jersey,64,2026-01-10,0.46778315174839846,2,0.77,0.96,No Change,"Atlantic (Atlantic City), NJ - Cape May, NJ","Atlantic, Cape May"
New Jersey,64,2026-01-17,0.4715819884791409,2,0.95,0.91,No Change,"Atlantic (Atlantic City), NJ - Cape May, NJ","Atlantic, Cape May"
New Jersey,64,2026-01-24,-0.35629114394296413,2,0.65,0.84,No Change,"Atlantic (Atlantic City), NJ - Cape May, NJ","Atlantic, Cape May"
New Jersey,64,2026-01-31,0.4536715816628062,2,0.75,0.8,No Change,"Atlantic (Atlantic City), NJ - Cape May, NJ","Atlantic, Cape May"
New Jersey,64,2026-02-07,0.31729753138008776,2,0.91,0.78,No Change,"Atlantic (Atlantic City), NJ - Cape May, NJ","Atlantic, Cape May"
New Jersey,64,2026-02-14,0.7376552320546957,2,0.7,0.76,No Change,"Atlantic (Atlantic City), NJ - Cape May, NJ","Atlantic, Cape May"
New Jersey,64,2026-02-21,0.6485027621149768,2,0.91,0.7,Decreasing,"Atlantic (Atlantic City), NJ - Cape May, NJ","Atlantic, Cape May"
New Jersey,64,2026-02-28,0.31924179461838226,2,0.5,0.61,Decreasing,"Atlantic (Atlantic City), NJ - Cape May, NJ","Atlantic, Cape May"
New Jersey,64,2026-03-07,-0.023929945683684256,2,0.45,0.52,Decreasing,"Atlantic (Atlantic City), NJ - Cape May, NJ","Atlantic, Cape May"
New Jersey,64,2026-03-14,0.17320233545640076,2,0.31,0.45,Decreasing,"Atlantic (Atlantic City), NJ - Cape May, NJ","Atlantic, Cape May"
New Jersey,64,2026-03-21,-0.24363182006116202,2,0.58,0.4,No Change,"Atlantic (Atlantic City), NJ - Cape May, NJ","Atlantic, Cape May"
New Jersey,64,2026-03-28,-0.186198881526924,2,0.4,0.37,No Change,"Atlantic (Atlantic City), NJ - Cape May, NJ","Atlantic, Cape May"
New Jersey,64,2026-04-04,-0.7832443509492328,2,0.23,0.33,No Change,"Atlantic (Atlantic City), NJ - Cape May, NJ","Atlantic, Cape May"
New Jersey,64,2026-04-11,0.03543313138390056,2,0.37,0.3,No Change,"Atlantic (Atlantic City), NJ - Cape May, NJ","Atlantic, Cape May"
New Jersey,64,2026-04-18,-0.20458249747474702,2,0.21,0.27,No Change,"Atlantic (Atlantic City), NJ - Cape May, NJ","Atlantic, Cape May"
New Jersey,64,2026-04-25,-1.4782129970051494,2,0.16,0.24,No Change,"Atlantic (Atlantic City), NJ - Cape May, NJ","Atlantic, Cape May"
New Jersey,64,2026-05-02,-0.928881178844219,2,0.2,0.21,No Change,"Atlantic (Atlantic City), NJ - Cape May, NJ","Atlantic, Cape May"
New Jersey,64,2026-05-09,-0.2911901418419994,2,0.44,0.19,Decreasing,"Atlantic (Atlantic City), NJ - Cape May, NJ","Atlantic, Cape May"
New Jersey,64,2026-05-16,-2.3192861644795704,2,0.15,0.16,Decreasing,"Atlantic (Atlantic City), NJ - Cape May, NJ","Atlantic, Cape May"
New Jersey,64,2026-05-23,-0.9658875018780737,2,0.03,0.13,Decreasing,"Atlantic (Atlantic City), NJ - Cape May, NJ","Atlantic, Cape May"
New Jersey,64,2026-05-30,-2.3185591956727487,2,0.08,0.1,Decreasing,"Atlantic (Atlantic City), NJ - Cape May, NJ","Atlantic, Cape May"
New Jersey,64,2026-06-06,-1.4767474584185216,2,0.06,0.08,Decreasing,"Atlantic (Atlantic City), NJ - Cape May, NJ","Atlantic, Cape May"
New Jersey,64,2026-06-13,-2.239083273122085,2,0.11,0.07,No Change,"Atlantic (Atlantic City), NJ - Cape May, NJ","Atlantic, Cape May"
New Jersey,64,2026-06-20,-1.3923741334227153,2,0.08,0.07,No Change,"Atlantic (Atlantic City), NJ - Cape May, NJ","Atlantic, Cape May"
New Jersey,64,2026-06-27,-1.6858958669308381,2,0.03,0.07,No Change,"Atlantic (Atlantic City), NJ - Cape May, NJ","Atlantic, Cape May"
New Jersey,64,2026-07-04,-1.088984905004066,2,0.05,0.07,No Change,"Atlantic (Atlantic City), NJ - Cape May, NJ","Atlantic, Cape May"
New Jersey,64,2026-07-11,-0.08135725459009022,2,0.12,0.08,No Change,"Atlantic (Atlantic City), NJ - Cape May, NJ","Atlantic, Cape May"
New Jersey,64,2026-07-18,-0.7103895475288201,2,0.08,0.08,No Change,"Atlantic (Atlantic City), NJ - Cape May, NJ","Atlantic, Cape May"
New Jersey,64,2026-07-25,0.06231959482447186,2,0.16,0.09,No Change,"Atlantic (Atlantic City), NJ - Cape May, NJ","Atlantic, Cape May"
New Jersey,64,2026-08-01,-0.9625203251222589,2,0.18,0.11,Increasing,"Atlantic (Atlantic City), NJ - Cape May, NJ","Atlantic, Cape May"
New Jersey,64,2026-08-08,-0.2503893222342614,2,0.13,0.15,Increasing,"Atlantic (Atlantic City), NJ - Cape May, NJ","Atlantic, Cape May"
New Jersey,64,2026-08-15,0.10677324507602445,2,0.1,0.26,Increasing,"Atlantic (Atlantic City), NJ - Cape May, NJ","Atlantic, Cape May"
New Jersey,64,2026-08-22,-0.2948368509841272,2,0.24,0.49,Increasing,"Atlantic (Atlantic City), NJ - Cape May, NJ","Atlantic, Cape May"
New Jersey,64,2026-08-29,-0.5706212456435811,2,0.14,0.92,Increasing,"Atlantic (Atlantic City), NJ - Cape May, NJ","Atlantic, Cape May"
New Jersey,66,2025-01-04,0.6759388203087434,1,1.07,1.09,Increasing,"Essex (Newark), NJ - Middlesex, NJ","Essex, Middlesex, Somerset, Union"
New Jersey,66,2025-01-11,0.7749913597058788,2,1.19,1.15,Increasing,"Essex (Newark), NJ - Middlesex, NJ","Essex, Middlesex, Somerset, Union"
New Jersey,66,2025-01-18,0.6958868806486226,2,1.11,1.19,No Change,"Essex (Newark), NJ - Middlesex, NJ","Essex, Middlesex, Somerset, Union"
New Jersey,66,2025-01-25,0.6786590504119683,2,1.19,1.21,No Change,"Essex (Newark), NJ - Middlesex, NJ","Essex, Middlesex, Somerset, Union"
New Jersey,66,2025-02-01,0.7636597479111169,2,1.19,1.21,No Change,"Essex (Newark), NJ - Middlesex, NJ","Essex, Middlesex, Somerset, Union"
New Jersey,66,2025-02-08,0.8153156336158764,2,1.34,1.2,No Change,"Essex (Newark), NJ - Middlesex, NJ","Essex, Middlesex, Somerset, Union"
New Jersey,66,2025-02-15,0.6681166783711354,2,1.1,1.17,No Change,"Essex (Newark), NJ - Middlesex, NJ","Essex, Middlesex, Somerset, Union"
New Jersey,66,2025-02-22,0.9274818522028412,2,1.08,1.14,No Change,"Essex (Newark), NJ - Middlesex, NJ","Essex, Middlesex, Somerset, Union"
New Jersey,66,2025-03-01,0.831624730995545,2,1.13,1.11,No Change,"Essex (Newark), NJ - Middlesex, NJ","Essex, Middlesex, Somerset, Union"
New Jersey,66,2025-03-08,0.6571248394432878,2,1.16,1.1,No Change,"Essex (Newark), NJ - Middlesex, NJ","Essex, Middlesex, Somerset, Union"
New Jersey,66,2025-03-15,0.958091951626616,2,1.07,1.1,No Change,"Essex (Newark), NJ - Middlesex, NJ","Essex, Middlesex, Somerset, Union"
New Jersey,66,2025-03-22,0.582778695331726,2,1.08,1.11,No Change,"Essex (Newark), NJ - Middlesex, NJ","Essex, Middlesex, Somerset, Union"
New Jersey,66,2025-03-29,0.44310606148807985,2,1.14,1.12,No Change,"Essex (Newark), NJ - Middlesex, NJ","Essex, Middlesex, Somerset, Union"
New Jersey,66,2025-04-05,0.7449694437681547,2,1.09,1.09,Decreasing,"Essex (Newark), NJ - Middlesex, NJ","Essex, Middlesex, Somerset, Union"
New Jersey,66,2025-04-12,0.6288159564679786,2,0.96,0.99,Decreasing,"Essex (Newark), NJ - Middlesex, NJ","Essex, Middlesex, Somerset, Union"
New Jersey,66,2025-04-19,0.4800822977479038,2,0.91,0.84,Decreasing,"Essex (Newark), NJ - Middlesex, NJ","Essex, Middlesex, Somerset, Union"
New Jersey,66,2025-04-26,0.5645316221564978,2,0.71,0.7,Decreasing,"Essex (Newark), NJ - Middlesex, NJ","Essex, Middlesex, Somerset, Union"
New Jersey,66,2025-05-03,0.5195720102162438,2,0.53,0.57,Decreasing,"Essex (Newark), NJ - Middlesex, NJ","Essex, Middlesex, Somerset, Union"
New Jersey,66,2025-05-10,0.3337484173045606,2,0.48,0.48,Decreasing,"Essex (Newark), NJ - Middlesex, NJ","Essex, Middlesex, Somerset, Union"
New Jersey,66,2025-05-17,0.5691503225943779,2,0.36,0.42,Decreasing,"Essex (Newark), NJ - Middlesex, NJ","Essex, Middlesex, Somerset, Union"
New Jersey,66,2025-05-24,0.4939331328034732,2,0.42,0.42,No Change,"Essex (Newark), NJ - Middlesex, NJ","Essex, Middlesex, Somerset, Union"
New Jersey,66,2025-05-31,0.4087377221757609,2,0.5,0.44,No Change,"Essex (Newark), NJ - Middlesex, NJ","Essex, Middlesex, Somerset, Union"
New Jersey,66,2025-06-07,0.56336760531174,2,0.5,0.47,No Change,"Essex (Newark), NJ - Middlesex, NJ","Essex, Middlesex, Somerset, Union"
New Jersey,66,2025-06-14,0.40239041423482913,2,0.45,0.48,No Change,"Essex (Newark), NJ - Middlesex, NJ","Essex, Middlesex, Somerset, Union"
New Jersey,66,2025-06-21,0.09972377533896067,2,0.41,0.46,No Change,"Essex (Newark), NJ - Middlesex, NJ","Essex, Middlesex, Somerset, Union"
New Jersey,66,2025-06-28,0.4352391752177251,2,0.43,0.45,No Change,"Essex (Newark), NJ - Middlesex, NJ","Essex, Middlesex, Somerset, Union"
New Jersey,66,2025-07-05,0.16904102067695326,2,0.5,0.45,No Change,"Essex (Newark), NJ - Middlesex, NJ","Essex, Middlesex, Somerset, Union"
New Jersey,66,2025-07-12,0.43920482227080837,2,0.51,0.48,Increasing,"Essex (Newark), NJ - Middlesex, NJ","Essex, Middlesex, Somerset, Union"
New Jersey,66,2025-07-19,0.7856635190420338,2,0.49,0.53,Increasing,"Essex (Newark), NJ - Middlesex, NJ","Essex, Middlesex, Somerset, Union"
New Jersey,66,2025-07-26,0.5743348406236338,2,0.54,0.61,Increasing,"Essex (Newark), NJ - Middlesex, NJ","Essex, Middlesex, Somerset, Union"
New Jersey,66,2025-08-02,0.3773455865924578,2,0.77,0.73,Increasing,"Essex (Newark), NJ - Middlesex, NJ","Essex, Middlesex, Somerset, Union"
New Jersey,66,2025-08-09,0.2632996023625452,2,0.99,0.86,Increasing,"Essex (Newark), NJ - Middlesex, NJ","Essex, Middlesex, Somerset, Union"
New Jersey,66,2025-08-16,0.41837162998962957,2,0.91,1.0,Increasing,"Essex (Newark), NJ - Middlesex, NJ","Essex, Middlesex, Somerset, Union"
New Jersey,66,2025-08-23,0.4145895108512878,2,1.08,1.14,Increasing,"Essex (Newark), NJ - Middlesex, NJ","Essex, Middlesex, Somerset, Union"
New Jersey,66,2025-08-30,0.3689142244509744,2,1.28,1.24,Increasing,"Essex (Newark), NJ - Middlesex, NJ","Essex, Middlesex, Somerset, Union"
New Jersey,66,2025-09-06,0.39377218374629,2,1.28,1.29,No Change,"Essex (Newark), NJ - Middlesex, NJ","Essex, Middlesex, Somerset, Union"
New Jersey,66,2025-09-13,0.49371127570155027,2,1.25,1.25,Decreasing,"Essex (Newark), NJ - Middlesex, NJ","Essex, Middlesex, Somerset, Union"
New Jersey,66,2025-09-20,0.6456704500666087,2,1.22,1.11,Decreasing,"Essex (Newark), NJ - Middlesex, NJ","Essex, Middlesex, Somerset, Union"
New Jersey,66,2025-09-27,0.2861517268377286,2,0.82,0.87,Decreasing,"Essex (Newark), NJ - Middlesex, NJ","Essex, Middlesex, Somerset, Union"
New Jersey,66,2025-10-04,0.5193504647906602,2,0.56,0.63,Decreasing,"Essex (Newark), NJ - Middlesex, NJ","Essex, Middlesex, Somerset, Union"
New Jersey,66,2025-10-11,0.0761091683336513,2,0.5,0.46,Decreasing,"Essex (Newark), NJ - Middlesex, NJ","Essex, Middlesex, Somerset, Union"
New Jersey,66,2025-10-18,-0.1757844512444226,2,0.37,0.38,Decreasing,"Essex (Newark), NJ - Middlesex, NJ","Essex, Middlesex, Somerset, Union"
New Jersey,66,2025-10-25,0.005487417275240228,2,0.34,0.35,No Change,"Essex (Newark), NJ - Middlesex, NJ","Essex, Middlesex, Somerset, Union"
New Jersey,66,2025-11-01,0.09530061639062701,2,0.38,0.35,No Change,"Essex (Newark), NJ - Middlesex, NJ","Essex, Middlesex, Somerset, Union"
New Jersey,66,2025-11-08,-0.09889390675162796,2,0.33,0.36,No Change,"Essex (Newark), NJ - Middlesex, NJ","Essex, Middlesex, Somerset, Union"
New Jersey,66,2025-11-15,-1.1714480461533587,2,0.37,0.37,No Change,"Essex (Newark), NJ - Middlesex, NJ","Essex, Middlesex, Somerset, Union"
New Jersey,66,2025-11-22,-0.6478131737591548,2,0.42,0.39,Increasing,"Essex (Newark), NJ - Middlesex, NJ","Essex, Middlesex, Somerset, Union"
New Jersey,66,2025-11-29,-0.10202852779683456,2,0.39,0.42,Increasing,"Essex (Newark), NJ - Middlesex, NJ","Essex, Middlesex, Somerset, Union"
New Jersey,66,2025-12-06,0.14470443661311658,2,0.5,0.47,Increasing,"Essex (Newark), NJ - Middlesex, NJ","Essex, Middlesex, Somerset, Union"
New Jersey,66,2025-12-13,0.11099975877035889,2,0.47,0.52,Increasing,"Essex (Newark), NJ - Middlesex, NJ","Essex, Middlesex, Somerset, Union"
New Jersey,66,2025-12-20,-0.30042883981046753,2,0.57,0.59,Increasing,"Essex (Newark), NJ - Middlesex, NJ","Essex, Middlesex, Somerset, Union"
New Jersey,66,2025-12-27,0.05888403105970704,1,0.67,0.64,Increasing,"Essex (Newark), NJ - Middlesex, NJ","Essex, Middlesex, Somerset, Union"
New Jersey,66,2026-01-03,0.09352614074673454,1,0.78,0.67,No Change,"Essex (Newark), NJ - Middlesex, NJ","Essex, Middlesex, Somerset, Union"
New Jersey,66,2026-01-10,0.29427642673876486,2,0.55,0.65,Decreasing,"Essex (Newark), NJ - Middlesex, NJ","Essex, Middlesex, Somerset, Union"
New Jersey,66,2026-01-17,0.01166475271261351,2,0.6,0.6,Decreasing,"Essex (Newark), NJ - Middlesex, NJ","Essex, Middlesex, Somerset, Union"
New Jersey,66,2026-01-24,0.179820922881276,2,0.52,0.55,Decreasing,"Essex (Newark), NJ - Middlesex, NJ","Essex, Middlesex, Somerset, Union"
New Jersey,66,2026-01-31,0.39186126163853685,2,0.61,0.55,No Change,"Essex (Newark), NJ - Middlesex, NJ","Essex, Middlesex, Somerset, Union"
New Jersey,66,2026-02-07,0.37620145917195214,2,0.56,0.58,Increasing,"Essex (Newark), NJ - Middlesex, NJ","Essex, Middlesex, Somerset, Union"
New Jersey,66,2026-02-14,0.5198714379844181,2,0.55,0.62,No Change,"Essex (Newark), NJ - Middlesex, NJ","Essex, Middlesex, Somerset, Union"
New Jersey,66,2026-02-21,0.3648952930046112,2,0.77,0.63,No Change,"Essex (Newark), NJ - Middlesex, NJ","Essex, Middlesex, Somerset, Union"
New Jersey,66,2026-02-28,-0.36477751786432705,2,0.59,0.6,Decreasing,"Essex (Newark), NJ - Middlesex, NJ","Essex, Middlesex, Somerset, Union"
New Jersey,66,2026-03-07,-0.3513158696354456,2,0.44,0.56,Decreasing,"Essex (Newark), NJ - Middlesex, NJ","Essex, Middlesex, Somerset, Union"
New Jersey,66,2026-03-14,0.08927484219649182,2,0.6,0.55,No Change,"Essex (Newark), NJ - Middlesex, NJ","Essex, Middlesex, Somerset, Union"
New Jersey,66,2026-03-21,0.3296911781873054,2,0.57,0.57,No Change,"Essex (Newark), NJ - Middlesex, NJ","Essex, Middlesex, Somerset, Union"
New Jersey,66,2026-03-28,0.3819087272314113,2,0.58,0.59,No Change,"Essex (Newark), NJ - Middlesex, NJ","Essex, Middlesex, Somerset, Union"
New Jersey,66,2026-04-04,0.45552886502872364,2,0.64,0.54,Decreasing,"Essex (Newark), NJ - Middlesex, NJ","Essex, Middlesex, Somerset, Union"
New Jersey,66,2026-04-11,0.07399187975343331,2,0.35,0.44,Decreasing,"Essex (Newark), NJ - Middlesex, NJ","Essex, Middlesex, Somerset, Union"
New Jersey,66,2026-04-18,-2.035769817203219,2,0.33,0.33,Decreasing,"Essex (Newark), NJ - Middlesex, NJ","Essex, Middlesex, Somerset, Union"
New Jersey,66,2026-04-25,-1.2870971393196116,2,0.29,0.26,Decreasing,"Essex (Newark), NJ - Middlesex, NJ","Essex, Middlesex, Somerset, Union"
New Jersey,66,2026-05-02,-1.9283725263878915,2,0.21,0.22,Decreasing,"Essex (Newark), NJ - Middlesex, NJ","Essex, Middlesex, Somerset, Union"
New Jersey,66,2026-05-09,-2.5345301054561626,2,0.17,0.2,Decreasing,"Essex (Newark), NJ - Middlesex, NJ","Essex, Middlesex, Somerset, Union"
New Jersey,66,2026-05-16,-1.335994522755739,2,0.23,0.18,Decreasing,"Essex (Newark), NJ - Middlesex, NJ","Essex, Middlesex, Somerset, Union"
New Jersey,66,2026-05-23,-1.2565878311582148,2,0.14,0.15,Decreasing,"Essex (Newark), NJ - Middlesex, NJ","Essex, Middlesex, Somerset, Union"
New Jersey,66,2026-05-30,-1.1872044725605992,2,0.11,0.13,Decreasing,"Essex (Newark), NJ - Middlesex, NJ","Essex, Middlesex, Somerset, Union"
New Jersey,66,2026-06-06,-1.434926112346668,2,0.14,0.12,Decreasing,"Essex (Newark), NJ - Middlesex, NJ","Essex, Middlesex, Somerset, Union"
New Jersey,66,2026-06-13,-1.3349815402475027,2,0.1,0.11,No Change,"Essex (Newark), NJ - Middlesex, NJ","Essex, Middlesex, Somerset, Union"
New Jersey,66,2026-06-20,-1.480780459464327,2,0.11,0.11,No Change,"Essex (Newark), NJ - Middlesex, NJ","Essex, Middlesex, Somerset, Union"
New Jersey,66,2026-06-27,-1.8683124863788343,2,0.14,0.12,Increasing,"Essex (Newark), NJ - Middlesex, NJ","Essex, Middlesex, Somerset, Union"
New Jersey,66,2026-07-04,-0.6509713046386675,2,0.13,0.13,Increasing,"Essex (Newark), NJ - Middlesex, NJ","Essex, Middlesex, Somerset, Union"
New Jersey,66,2026-07-11,-1.293396363507549,2,0.11,0.15,No Change,"Essex (Newark), NJ - Middlesex, NJ","Essex, Middlesex, Somerset, Union"
New Jersey,66,2026-07-18,-0.8688493624345527,2,0.13,0.16,No Change,"Essex (Newark), NJ - Middlesex, NJ","Essex, Middlesex, Somerset, Union"
New Jersey,66,2026-07-25,-0.09652463390649654,2,0.19,0.15,No Change,"Essex (Newark), NJ - Middlesex, NJ","Essex, Middlesex, Somerset, Union"
New Jersey,66,2026-08-01,-0.4675094859637454,2,0.25,0.15,Increasing,"Essex (Newark), NJ - Middlesex, NJ","Essex, Middlesex, Somerset, Union"
New Jersey,66,2026-08-08,-0.4898251789563903,2,0.26,0.18,Increasing,"Essex (Newark), NJ - Middlesex, NJ","Essex, Middlesex, Somerset, Union"
New Jersey,66,2026-08-15,-0.43915142487487535,2,0.34,0.32,Increasing,"Essex (Newark), NJ - Middlesex, NJ","Essex, Middlesex, Somerset, Union"
New Jersey,66,2026-08-22,0.21631012720606768,2,0.42,0.68,Increasing,"Essex (Newark), NJ - Middlesex, NJ","Essex, Middlesex, Somerset, Union"
New Jersey,66,2026-08-29,0.26305728059736694,2,0.41,1.39,Increasing,"Essex (Newark), NJ - Middlesex, NJ","Essex, Middlesex, Somerset, Union"
New Jersey,87,2025-01-04,0.9287040286641911,3,1.51,1.42,No Change,"Morris (Parsippany-Troy Hills Township), NJ - Sussex, NJ","Morris, Sussex"
New Jersey,87,2025-01-11,0.9632758419931967,3,1.2,1.39,No Change,"Morris (Parsippany-Troy Hills Township), NJ - Sussex, NJ","Morris, Sussex"
New Jersey,87,2025-01-18,0.608520043569701,3,1.41,1.31,Decreasing,"Morris (Parsippany-Troy Hills Township), NJ - Sussex, NJ","Morris, Sussex"
New Jersey,87,2025-01-25,0.9683173589207333,3,1.05,1.2,Decreasing,"Morris (Parsippany-Troy Hills Township), NJ - Sussex, NJ","Morris, Sussex"
New Jersey,87,2025-02-01,0.6965970000173037,3,0.97,1.08,Decreasing,"Morris (Parsippany-Troy Hills Township), NJ - Sussex, NJ","Morris, Sussex"
New Jersey,87,2025-02-08,0.6905739162373244,3,1.27,0.96,Decreasing,"Morris (Parsippany-Troy Hills Township), NJ - Sussex, NJ","Morris, Sussex"
New Jersey,87,2025-02-15,0.6281353814299674,3,0.88,0.87,No Change,"Morris (Parsippany-Troy Hills Township), NJ - Sussex, NJ","Morris, Sussex"
New Jersey,87,2025-02-22,0.6612963394325777,3,0.54,0.82,No Change,"Morris (Parsippany-Troy Hills Township), NJ - Sussex, NJ","Morris, Sussex"
New Jersey,87,2025-03-01,0.7118186110767771,3,0.87,0.82,No Change,"Morris (Parsippany-Troy Hills Township), NJ - Sussex, NJ","Morris, Sussex"
New Jersey,87,2025-03-08,0.8538395427366599,3,0.78,0.86,No Change,"Morris (Parsippany-Troy Hills Township), NJ - Sussex, NJ","Morris, Sussex"
New Jersey,87,2025-03-15,0.8600459999998594,3,1.13,0.9,No Change,"Morris (Parsippany-Troy Hills Township), NJ - Sussex, NJ","Morris, Sussex"
New Jersey,87,2025-03-22,0.8569269528251291,3,0.84,0.92,No Change,"Morris (Parsippany-Troy Hills Township), NJ - Sussex, NJ","Morris, Sussex"
New Jersey,87,2025-03-29,0.9342240192659466,3,0.87,0.91,No Change,"Morris (Parsippany-Troy Hills Township), NJ - Sussex, NJ","Morris, Sussex"
New Jersey,87,2025-04-05,0.7105759857164218,3,0.81,0.88,No Change,"Morris (Parsippany-Troy Hills Township), NJ - Sussex, NJ","Morris, Sussex"
New Jersey,87,2025-04-12,0.7557142111736632,3,1.04,0.84,No Change,"Morris (Parsippany-Troy Hills Township), NJ - Sussex, NJ","Morris, Sussex"
New Jersey,87,2025-04-19,0.5601562552870205,3,0.6,0.77,Decreasing,"Morris (Parsippany-Troy Hills Township), NJ - Sussex, NJ","Morris, Sussex"
New Jersey,87,2025-04-26,0.6312854589072717,3,0.8,0.69,Decreasing,"Morris (Parsippany-Troy Hills Township), NJ - Sussex, NJ","Morris, Sussex"
New Jersey,87,2025-05-03,0.544815123207361,3,0.65,0.59,Decreasing,"Morris (Parsippany-Troy Hills Township), NJ - Sussex, NJ","Morris, Sussex"
New Jersey,87,2025-05-10,0.15002801407992475,3,0.46,0.49,Decreasing,"Morris (Parsippany-Troy Hills Township), NJ - Sussex, NJ","Morris, Sussex"
New Jersey,87,2025-05-17,0.30297391348995767,3,0.3,0.42,Decreasing,"Morris (Parsippany-Troy Hills Township), NJ - Sussex, NJ","Morris, Sussex"
New Jersey,87,2025-05-24,0.18070481890672782,3,0.33,0.38,No Change,"Morris (Parsippany-Troy Hills Township), NJ - Sussex, NJ","Morris, Sussex"
New Jersey,87,2025-05-31,0.2214678213092823,3,0.44,0.36,No Change,"Morris (Parsippany-Troy Hills Township), NJ - Sussex, NJ","Morris, Sussex"
New Jersey,87,2025-06-07,-0.199622321152934,3,0.43,0.35,No Change,"Morris (Parsippany-Troy Hills Township), NJ - Sussex, NJ","Morris, Sussex"
New Jersey,87,2025-06-14,0.12259317690334544,3,0.22,0.35,No Change,"Morris (Parsippany-Troy Hills Township), NJ - Sussex, NJ","Morris, Sussex"
New Jersey,87,2025-06-21,0.12984563554904416,3,0.44,0.34,No Change,"Morris (Parsippany-Troy Hills Township), NJ - Sussex, NJ","Morris, Sussex"
New Jersey,87,2025-06-28,-0.5609780828819626,3,0.35,0.34,No Change,"Morris (Parsippany-Troy Hills Township), NJ - Sussex, NJ","Morris, Sussex"
New Jersey,87,2025-07-05,0.16020855727274583,3,0.35,0.35,No Change,"Morris (Parsippany-Troy Hills Township), NJ - Sussex, NJ","Morris, Sussex"
New Jersey,87,2025-07-12,0.1902203218397758,3,0.3,0.38,No Change,"Morris (Parsippany-Troy Hills Township), NJ - Sussex, NJ","Morris, Sussex"
New Jersey,87,2025-07-19,0.18825224904857704,3,0.44,0.41,Increasing,"Morris (Parsippany-Troy Hills Township), NJ - Sussex, NJ","Morris, Sussex"
New Jersey,87,2025-07-26,0.28768239240730625,3,0.5,0.47,Increasing,"Morris (Parsippany-Troy Hills Township), NJ - Sussex, NJ","Morris, Sussex"
New Jersey,87,2025-08-02,0.186172669751293,3,0.46,0.54,Increasing,"Morris (Parsippany-Troy Hills Township), NJ - Sussex, NJ","Morris, Sussex"
New Jersey,87,2025-08-09,-0.10677979399054627,3,0.68,0.63,Increasing,"Morris (Parsippany-Troy Hills Township), NJ - Sussex, NJ","Morris, Sussex"
New Jersey,87,2025-08-16,0.5350837265785389,3,0.76,0.71,Increasing,"Morris (Parsippany-Troy Hills Township), NJ - Sussex, NJ","Morris, Sussex"
New Jersey,87,2025-08-23,0.4725405912207834,3,0.69,0.77,No Change,"Morris (Parsippany-Troy Hills Township), NJ - Sussex, NJ","Morris, Sussex"
New Jersey,87,2025-08-30,0.49204165880666156,3,0.86,0.81,No Change,"Morris (Parsippany-Troy Hills Township), NJ - Sussex, NJ","Morris, Sussex"
New Jersey,87,2025-09-06,0.621333496875427,3,0.83,0.82,No Change,"Morris (Parsippany-Troy Hills Township), NJ - Sussex, NJ","Morris, Sussex"
New Jersey,87,2025-09-13,0.45313869646883265,3,0.65,0.78,No Change,"Morris (Parsippany-Troy Hills Township), NJ - Sussex, NJ","Morris, Sussex"
New Jersey,87,2025-09-20,0.3405495180600844,3,1.02,0.71,Decreasing,"Morris (Parsippany-Troy Hills Township), NJ - Sussex, NJ","Morris, Sussex"
New Jersey,87,2025-09-27,0.6021510996450085,3,0.44,0.62,Decreasing,"Morris (Parsippany-Troy Hills Township), NJ - Sussex, NJ","Morris, Sussex"
New Jersey,87,2025-10-04,0.11088708327530376,3,0.51,0.51,Decreasing,"Morris (Parsippany-Troy Hills Township), NJ - Sussex, NJ","Morris, Sussex"
New Jersey,87,2025-10-11,0.10822922710189287,3,0.46,0.44,Decreasing,"Morris (Parsippany-Troy Hills Township), NJ - Sussex, NJ","Morris, Sussex"
New Jersey,87,2025-10-18,0.326586175379788,3,0.45,0.39,No Change,"Morris (Parsippany-Troy Hills Township), NJ - Sussex, NJ","Morris, Sussex"
New Jersey,87,2025-10-25,-0.14058046245675265,3,0.23,0.37,No Change,"Morris (Parsippany-Troy Hills Township), NJ - Sussex, NJ","Morris, Sussex"
New Jersey,87,2025-11-01,-0.5351394978476935,3,0.27,0.38,No Change,"Morris (Parsippany-Troy Hills Township), NJ - Sussex, NJ","Morris, Sussex"
New Jersey,87,2025-11-08,0.10554748042129859,3,0.5,0.38,No Change,"Morris (Parsippany-Troy Hills Township), NJ - Sussex, NJ","Morris, Sussex"
New Jersey,87,2025-11-15,0.014296050080624845,3,0.49,0.4,No Change,"Morris (Parsippany-Troy Hills Township), NJ - Sussex, NJ","Morris, Sussex"
New Jersey,87,2025-11-22,-0.00881084318167658,3,0.51,0.43,No Change,"Morris (Parsippany-Troy Hills Township), NJ - Sussex, NJ","Morris, Sussex"
New Jersey,87,2025-11-29,0.05965078576844555,3,0.48,0.48,Increasing,"Morris (Parsippany-Troy Hills Township), NJ - Sussex, NJ","Morris, Sussex"
New Jersey,87,2025-12-06,0.19138600290260133,3,0.3,0.56,Increasing,"Morris (Parsippany-Troy Hills Township), NJ - Sussex, NJ","Morris, Sussex"
New Jersey,87,2025-12-13,0.2721367337514798,3,0.46,0.66,Increasing,"Morris (Parsippany-Troy Hills Township), NJ - Sussex, NJ","Morris, Sussex"
New Jersey,87,2025-12-20,-0.03466456757378886,3,0.93,0.77,Increasing,"Morris (Parsippany-Troy Hills Township), NJ - Sussex, NJ","Morris, Sussex"
New Jersey,87,2025-12-27,0.20574475005728687,2,1.09,0.86,No Change,"Morris (Parsippany-Troy Hills Township), NJ - Sussex, NJ","Morris, Sussex"
New Jersey,87,2026-01-03,0.49907368182050477,2,0.99,0.9,No Change,"Morris (Parsippany-Troy Hills Township), NJ - Sussex, NJ","Morris, Sussex"
New Jersey,87,2026-01-10,0.4039511390081955,3,0.68,0.85,Decreasing,"Morris (Parsippany-Troy Hills Township), NJ - Sussex, NJ","Morris, Sussex"
New Jersey,87,2026-01-17,0.37804045027233407,3,0.72,0.73,Decreasing,"Morris (Parsippany-Troy Hills Township), NJ - Sussex, NJ","Morris, Sussex"
New Jersey,87,2026-01-24,0.04863378878861225,3,0.68,0.62,Decreasing,"Morris (Parsippany-Troy Hills Township), NJ - Sussex, NJ","Morris, Sussex"
New Jersey,87,2026-01-31,0.16142126963152634,3,0.46,0.57,No Change,"Morris (Parsippany-Troy Hills Township), NJ - Sussex, NJ","Morris, Sussex"
New Jersey,87,2026-02-07,0.23035610781528962,3,0.45,0.57,No Change,"Morris (Parsippany-Troy Hills Township), NJ - Sussex, NJ","Morris, Sussex"
New Jersey,87,2026-02-14,-0.8348684167411401,3,0.62,0.6,No Change,"Morris (Parsippany-Troy Hills Township), NJ - Sussex, NJ","Morris, Sussex"
New Jersey,87,2026-02-21,0.27100447578102044,3,0.74,0.63,No Change,"Morris (Parsippany-Troy Hills Township), NJ - Sussex, NJ","Morris, Sussex"
New Jersey,87,2026-02-28,0.4660687227774529,3,0.65,0.63,No Change,"Morris (Parsippany-Troy Hills Township), NJ - Sussex, NJ","Morris, Sussex"
New Jersey,87,2026-03-07,0.25840295091214965,3,0.73,0.62,No Change,"Morris (Parsippany-Troy Hills Township), NJ - Sussex, NJ","Morris, Sussex"
New Jersey,87,2026-03-14,0.3778472879230306,3,0.39,0.61,No Change,"Morris (Parsippany-Troy Hills Township), NJ - Sussex, NJ","Morris, Sussex"
New Jersey,87,2026-03-21,0.4109126240204932,3,0.55,0.59,No Change,"Morris (Parsippany-Troy Hills Township), NJ - Sussex, NJ","Morris, Sussex"
New Jersey,87,2026-03-28,0.26847524614659285,3,0.73,0.55,Decreasing,"Morris (Parsippany-Troy Hills Township), NJ - Sussex, NJ","Morris, Sussex"
New Jersey,87,2026-04-04,0.5093688482519977,3,0.5,0.48,Decreasing,"Morris (Parsippany-Troy Hills Township), NJ - Sussex, NJ","Morris, Sussex"
New Jersey,87,2026-04-11,-0.03909703037628843,3,0.48,0.38,Decreasing,"Morris (Parsippany-Troy Hills Township), NJ - Sussex, NJ","Morris, Sussex"
New Jersey,87,2026-04-18,-0.1986618041604573,3,0.15,0.3,Decreasing,"Morris (Parsippany-Troy Hills Township), NJ - Sussex, NJ","Morris, Sussex"
New Jersey,87,2026-04-25,-0.12271986370274886,3,0.18,0.24,Decreasing,"Morris (Parsippany-Troy Hills Township), NJ - Sussex, NJ","Morris, Sussex"
New Jersey,87,2026-05-02,-0.3987583489942635,3,0.22,0.21,No Change,"Morris (Parsippany-Troy Hills Township), NJ - Sussex, NJ","Morris, Sussex"
New Jersey,87,2026-05-09,-1.1805734661349556,3,0.21,0.19,No Change,"Morris (Parsippany-Troy Hills Township), NJ - Sussex, NJ","Morris, Sussex"
New Jersey,87,2026-05-16,-1.7231551176632962,3,0.22,0.17,Decreasing,"Morris (Parsippany-Troy Hills Township), NJ - Sussex, NJ","Morris, Sussex"
New Jersey,87,2026-05-23,-1.607239282791885,3,0.15,0.15,No Change,"Morris (Parsippany-Troy Hills Township), NJ - Sussex, NJ","Morris, Sussex"
New Jersey,87,2026-05-30,-2.1910536866614003,3,0.06,0.13,No Change,"Morris (Parsippany-Troy Hills Township), NJ - Sussex, NJ","Morris, Sussex"
New Jersey,87,2026-06-06,-1.4368579438053672,3,0.19,0.12,No Change,"Morris (Parsippany-Troy Hills Township), NJ - Sussex, NJ","Morris, Sussex"
New Jersey,87,2026-06-13,-1.5424898714612383,3,0.11,0.1,No Change,"Morris (Parsippany-Troy Hills Township), NJ - Sussex, NJ","Morris, Sussex"
New Jersey,87,2026-06-20,-1.7948847413987512,3,0.04,0.1,No Change,"Morris (Parsippany-Troy Hills Township), NJ - Sussex, NJ","Morris, Sussex"
New Jersey,87,2026-06-27,-2.8146602096817905,3,0.15,0.1,No Change,"Morris (Parsippany-Troy Hills Township), NJ - Sussex, NJ","Morris, Sussex"
New Jersey,87,2026-07-04,-1.0235925929530911,3,0.04,0.1,No Change,"Morris (Parsippany-Troy Hills Township), NJ - Sussex, NJ","Morris, Sussex"
New Jersey,87,2026-07-11,-0.9928862204979438,3,0.13,0.11,No Change,"Morris (Parsippany-Troy Hills Township), NJ - Sussex, NJ","Morris, Sussex"
New Jersey,87,2026-07-18,-1.4317755049381713,3,0.06,0.12,Increasing,"Morris (Parsippany-Troy Hills Township), NJ - Sussex, NJ","Morris, Sussex"
New Jersey,87,2026-07-25,-1.2902618523522265,3,0.19,0.14,Increasing,"Morris (Parsippany-Troy Hills Township), NJ - Sussex, NJ","Morris, Sussex"
New Jersey,87,2026-08-01,-0.8650818380273805,3,0.34,0.17,Increasing,"Morris (Parsippany-Troy Hills Township), NJ - Sussex, NJ","Morris, Sussex"
New Jersey,87,2026-08-08,0.058982757010643115,3,0.26,0.22,Increasing,"Morris (Parsippany-Troy Hills Township), NJ - Sussex, NJ","Morris, Sussex"
New Jersey,87,2026-08-15,-0.5346991336943718,3,0.21,0.33,Increasing,"Morris (Parsippany-Troy Hills Township), NJ - Sussex, NJ","Morris, Sussex"
New Jersey,87,2026-08-22,-0.1397351378636294,3,0.23,0.54,Increasing,"Morris (Parsippany-Troy Hills Township), NJ - Sussex, NJ","Morris, Sussex"
New Jersey,87,2026-08-29,0.11201113643094772,2,0.15,0.89,Increasing,"Morris (Parsippany-Troy Hills Township), NJ - Sussex, NJ","Morris, Sussex"
New Jersey,93,2025-01-04,1.0723403656407628,1,1.4,1.61,No Change,"Hunterdon, NJ - Warren (Phillipsburg), NJ","Hunterdon, Warren"
New Jersey,93,2025-01-11,0.560410060172921,1,1.38,1.51,Decreasing,"Hunterdon, NJ - Warren (Phillipsburg), NJ","Hunterdon, Warren"
New Jersey,93,2025-01-18,0.6727614054182436,1,1.49,1.37,Decreasing,"Hunterdon, NJ - Warren (Phillipsburg), NJ","Hunterdon, Warren"
New Jersey,93,2025-01-25,0.48867761864176185,1,1.06,1.22,Decreasing,"Hunterdon, NJ - Warren (Phillipsburg), NJ","Hunterdon, Warren"
New Jersey,93,2025-02-01,1.2479736933253327,1,1.1,1.08,Decreasing,"Hunterdon, NJ - Warren (Phillipsburg), NJ","Hunterdon, Warren"
New Jersey,93,2025-02-08,1.241072085241672,1,1.06,0.99,No Change,"Hunterdon, NJ - Warren (Phillipsburg), NJ","Hunterdon, Warren"
New Jersey,93,2025-02-15,0.8035405977395528,1,0.78,0.93,No Change,"Hunterdon, NJ - Warren (Phillipsburg), NJ","Hunterdon, Warren"
New Jersey,93,2025-02-22,0.7929351110671881,1,0.66,0.88,No Change,"Hunterdon, NJ - Warren (Phillipsburg), NJ","Hunterdon, Warren"
New Jersey,93,2025-03-01,0.6632612711324585,1,0.74,0.86,No Change,"Hunterdon, NJ - Warren (Phillipsburg), NJ","Hunterdon, Warren"
New Jersey,93,2025-03-08,0.33681269551695325,1,1.52,0.82,No Change,"Hunterdon, NJ - Warren (Phillipsburg), NJ","Hunterdon, Warren"
New Jersey,93,2025-03-15,0.5402537870833446,1,0.59,0.77,No Change,"Hunterdon, NJ - Warren (Phillipsburg), NJ","Hunterdon, Warren"
New Jersey,93,2025-03-22,0.6183456698491278,1,0.67,0.68,Decreasing,"Hunterdon, NJ - Warren (Phillipsburg), NJ","Hunterdon, Warren"
New Jersey,93,2025-03-29,0.7998363366146701,1,0.62,0.59,Decreasing,"Hunterdon, NJ - Warren (Phillipsburg), NJ","Hunterdon, Warren"
New Jersey,93,2025-04-05,0.5994974214684143,1,0.31,0.51,Decreasing,"Hunterdon, NJ - Warren (Phillipsburg), NJ","Hunterdon, Warren"
New Jersey,93,2025-04-12,0.6155984041716144,1,0.31,0.45,No Change,"Hunterdon, NJ - Warren (Phillipsburg), NJ","Hunterdon, Warren"
New Jersey,93,2025-04-19,0.41466412760176796,1,0.61,0.4,No Change,"Hunterdon, NJ - Warren (Phillipsburg), NJ","Hunterdon, Warren"
New Jersey,93,2025-04-26,0.6051836061501858,1,0.56,0.37,No Change,"Hunterdon, NJ - Warren (Phillipsburg), NJ","Hunterdon, Warren"
New Jersey,93,2025-05-03,0.22278890293581893,1,0.25,0.33,No Change,"Hunterdon, NJ - Warren (Phillipsburg), NJ","Hunterdon, Warren"
New Jersey,93,2025-05-10,0.22834509063736097,1,0.12,0.3,No Change,"Hunterdon, NJ - Warren (Phillipsburg), NJ","Hunterdon, Warren"
New Jersey,93,2025-05-17,0.2134877006542256,1,0.36,0.28,No Change,"Hunterdon, NJ - Warren (Phillipsburg), NJ","Hunterdon, Warren"
New Jersey,93,2025-05-24,-2.573739022399747,1,0.25,0.27,No Change,"Hunterdon, NJ - Warren (Phillipsburg), NJ","Hunterdon, Warren"
New Jersey,93,2025-05-31,0.3786446784157689,1,0.29,0.28,No Change,"Hunterdon, NJ - Warren (Phillipsburg), NJ","Hunterdon, Warren"
New Jersey,93,2025-06-07,0.29258409397645185,1,0.18,0.28,No Change,"Hunterdon, NJ - Warren (Phillipsburg), NJ","Hunterdon, Warren"
New Jersey,93,2025-06-14,0.14421316136408774,1,0.29,0.29,No Change,"Hunterdon, NJ - Warren (Phillipsburg), NJ","Hunterdon, Warren"
New Jersey,93,2025-06-21,0.40554738765050835,1,0.62,0.31,No Change,"Hunterdon, NJ - Warren (Phillipsburg), NJ","Hunterdon, Warren"
New Jersey,93,2025-06-28,0.5203438014727879,1,0.24,0.33,No Change,"Hunterdon, NJ - Warren (Phillipsburg), NJ","Hunterdon, Warren"
New Jersey,93,2025-07-05,-0.25661173495519657,1,0.18,0.36,No Change,"Hunterdon, NJ - Warren (Phillipsburg), NJ","Hunterdon, Warren"
New Jersey,93,2025-07-12,0.8487929554820439,1,0.35,0.4,No Change,"Hunterdon, NJ - Warren (Phillipsburg), NJ","Hunterdon, Warren"
New Jersey,93,2025-07-19,0.13563680639712355,1,0.62,0.46,Increasing,"Hunterdon, NJ - Warren (Phillipsburg), NJ","Hunterdon, Warren"
New Jersey,93,2025-07-26,0.18682001889238403,1,0.42,0.55,Increasing,"Hunterdon, NJ - Warren (Phillipsburg), NJ","Hunterdon, Warren"
New Jersey,93,2025-08-02,0.19286473561499443,1,0.59,0.66,Increasing,"Hunterdon, NJ - Warren (Phillipsburg), NJ","Hunterdon, Warren"
New Jersey,93,2025-08-09,0.3740583099710777,1,0.73,0.78,Increasing,"Hunterdon, NJ - Warren (Phillipsburg), NJ","Hunterdon, Warren"
New Jersey,93,2025-08-16,0.31220257538223584,1,1.3,0.9,Increasing,"Hunterdon, NJ - Warren (Phillipsburg), NJ","Hunterdon, Warren"
New Jersey,93,2025-08-23,0.8189002760611871,1,0.83,0.99,No Change,"Hunterdon, NJ - Warren (Phillipsburg), NJ","Hunterdon, Warren"
New Jersey,93,2025-08-30,0.23016282020456655,1,0.83,1.02,No Change,"Hunterdon, NJ - Warren (Phillipsburg), NJ","Hunterdon, Warren"
New Jersey,93,2025-09-06,0.6273798018536464,1,1.14,1.0,No Change,"Hunterdon, NJ - Warren (Phillipsburg), NJ","Hunterdon, Warren"
New Jersey,93,2025-09-13,0.39392731267637277,1,1.17,0.93,No Change,"Hunterdon, NJ - Warren (Phillipsburg), NJ","Hunterdon, Warren"
New Jersey,93,2025-09-20,0.4154521617782156,1,0.8,0.83,Decreasing,"Hunterdon, NJ - Warren (Phillipsburg), NJ","Hunterdon, Warren"
New Jersey,93,2025-09-27,0.5391596588780477,1,0.7,0.72,Decreasing,"Hunterdon, NJ - Warren (Phillipsburg), NJ","Hunterdon, Warren"
New Jersey,93,2025-10-04,-0.7021101074565115,1,0.41,0.63,Decreasing,"Hunterdon, NJ - Warren (Phillipsburg), NJ","Hunterdon, Warren"
New Jersey,93,2025-10-11,-2.573739022399747,1,0.56,0.55,Decreasing,"Hunterdon, NJ - Warren (Phillipsburg), NJ","Hunterdon, Warren"
New Jersey,93,2025-10-18,-0.2744363047740924,1,0.69,0.5,No Change,"Hunterdon, NJ - Warren (Phillipsburg), NJ","Hunterdon, Warren"
New Jersey,93,2025-10-25,0.034340844381797166,1,0.25,0.46,No Change,"Hunterdon, NJ - Warren (Phillipsburg), NJ","Hunterdon, Warren"
New Jersey,93,2025-11-01,-0.19961254240366047,1,0.5,0.45,No Change,"Hunterdon, NJ - Warren (Phillipsburg), NJ","Hunterdon, Warren"
New Jersey,93,2025-11-08,0.016245053249567834,1,0.51,0.45,No Change,"Hunterdon, NJ - Warren (Phillipsburg), NJ","Hunterdon, Warren"
New Jersey,93,2025-11-15,0.042171558132277895,1,0.37,0.46,No Change,"Hunterdon, NJ - Warren (Phillipsburg), NJ","Hunterdon, Warren"
New Jersey,93,2025-11-22,0.3294680521771504,1,0.51,0.48,No Change,"Hunterdon, NJ - Warren (Phillipsburg), NJ","Hunterdon, Warren"
New Jersey,93,2025-11-29,0.33765821049244965,1,0.56,0.51,No Change,"Hunterdon, NJ - Warren (Phillipsburg), NJ","Hunterdon, Warren"
New Jersey,93,2025-12-06,-0.06063449687799398,1,0.42,0.56,No Change,"Hunterdon, NJ - Warren (Phillipsburg), NJ","Hunterdon, Warren"
New Jersey,93,2025-12-13,0.35124445455566133,1,0.67,0.61,No Change,"Hunterdon, NJ - Warren (Phillipsburg), NJ","Hunterdon, Warren"
New Jersey,93,2025-12-20,0.1589228408360704,1,0.63,0.67,No Change,"Hunterdon, NJ - Warren (Phillipsburg), NJ","Hunterdon, Warren"
New Jersey,93,2025-12-27,0.5521981287032356,1,0.83,0.72,No Change,"Hunterdon, NJ - Warren (Phillipsburg), NJ","Hunterdon, Warren"
New Jersey,93,2026-01-03,1.4488659121755572,1,0.89,0.76,No Change,"Hunterdon, NJ - Warren (Phillipsburg), NJ","Hunterdon, Warren"
New Jersey,93,2026-01-10,0.34674937549341356,1,0.5,0.79,No Change,"Hunterdon, NJ - Warren (Phillipsburg), NJ","Hunterdon, Warren"
New Jersey,93,2026-01-17,0.30219469141200783,1,0.8,0.82,No Change,"Hunterdon, NJ - Warren (Phillipsburg), NJ","Hunterdon, Warren"
New Jersey,93,2026-01-24,-0.012104886072991827,1,0.96,0.81,No Change,"Hunterdon, NJ - Warren (Phillipsburg), NJ","Hunterdon, Warren"
New Jersey,93,2026-01-31,0.39047614504424355,1,1.04,0.78,No Change,"Hunterdon, NJ - Warren (Phillipsburg), NJ","Hunterdon, Warren"
New Jersey,93,2026-02-07,0.40004960636087256,1,0.75,0.71,No Change,"Hunterdon, NJ - Warren (Phillipsburg), NJ","Hunterdon, Warren"
New Jersey,93,2026-02-14,0.7587359381323102,1,0.32,0.64,No Change,"Hunterdon, NJ - Warren (Phillipsburg), NJ","Hunterdon, Warren"
New Jersey,93,2026-02-21,0.19597589407923904,1,0.45,0.58,No Change,"Hunterdon, NJ - Warren (Phillipsburg), NJ","Hunterdon, Warren"
New Jersey,93,2026-02-28,0.34947092216222964,1,0.65,0.53,No Change,"Hunterdon, NJ - Warren (Phillipsburg), NJ","Hunterdon, Warren"
New Jersey,93,2026-03-07,0.3692404050378174,1,0.77,0.5,No Change,"Hunterdon, NJ - Warren (Phillipsburg), NJ","Hunterdon, Warren"
New Jersey,93,2026-03-14,-0.992662841916461,1,0.38,0.46,No Change,"Hunterdon, NJ - Warren (Phillipsburg), NJ","Hunterdon, Warren"
New Jersey,93,2026-03-21,0.4497702267639344,1,0.12,0.43,No Change,"Hunterdon, NJ - Warren (Phillipsburg), NJ","Hunterdon, Warren"
New Jersey,93,2026-03-28,0.29697162994475435,1,0.5,0.4,No Change,"Hunterdon, NJ - Warren (Phillipsburg), NJ","Hunterdon, Warren"
New Jersey,93,2026-04-04,0.19174676928286571,1,0.44,0.38,No Change,"Hunterdon, NJ - Warren (Phillipsburg), NJ","Hunterdon, Warren"
New Jersey,93,2026-04-11,0.17030254444586734,1,0.32,0.34,No Change,"Hunterdon, NJ - Warren (Phillipsburg), NJ","Hunterdon, Warren"
New Jersey,93,2026-04-18,-0.1114445374398418,1,0.36,0.31,No Change,"Hunterdon, NJ - Warren (Phillipsburg), NJ","Hunterdon, Warren"
New Jersey,93,2026-04-25,-0.35842598297032424,1,0.43,0.27,Decreasing,"Hunterdon, NJ - Warren (Phillipsburg), NJ","Hunterdon, Warren"
New Jersey,93,2026-05-02,-0.2658328369991637,1,0.18,0.22,Decreasing,"Hunterdon, NJ - Warren (Phillipsburg), NJ","Hunterdon, Warren"
New Jersey,93,2026-05-09,0.4281420786948279,1,0.06,0.18,Decreasing,"Hunterdon, NJ - Warren (Phillipsburg), NJ","Hunterdon, Warren"
New Jersey,93,2026-05-16,0.12023913655274604,1,0.24,0.15,Decreasing,"Hunterdon, NJ - Warren (Phillipsburg), NJ","Hunterdon, Warren"
New Jersey,93,2026-05-23,-2.573739022399747,1,0.0,0.12,No Change,"Hunterdon, NJ - Warren (Phillipsburg), NJ","Hunterdon, Warren"
New Jersey,93,2026-05-30,-1.514302044994039,1,0.12,0.1,No Change,"Hunterdon, NJ - Warren (Phillipsburg), NJ","Hunterdon, Warren"
New Jersey,93,2026-06-06,0.1884554787061878,1,0.11,0.09,No Change,"Hunterdon, NJ - Warren (Phillipsburg), NJ","Hunterdon, Warren"
New Jersey,93,2026-06-13,-2.573739022399747,1,0.11,0.08,No Change,"Hunterdon, NJ - Warren (Phillipsburg), NJ","Hunterdon, Warren"
New Jersey,93,2026-06-20,0.40221197628383043,1,0.11,0.08,No Change,"Hunterdon, NJ - Warren (Phillipsburg), NJ","Hunterdon, Warren"
New Jersey,93,2026-06-27,-2.573739022399747,1,0.06,0.07,No Change,"Hunterdon, NJ - Warren (Phillipsburg), NJ","Hunterdon, Warren"
New Jersey,93,2026-07-04,-1.3394184948408872,1,0.0,0.07,No Change,"Hunterdon, NJ - Warren (Phillipsburg), NJ","Hunterdon, Warren"
New Jersey,93,2026-07-11,-0.20498736605125717,1,0.11,0.08,No Change,"Hunterdon, NJ - Warren (Phillipsburg), NJ","Hunterdon, Warren"
New Jersey,93,2026-07-18,-2.573739022399747,1,0.17,0.09,No Change,"Hunterdon, NJ - Warren (Phillipsburg), NJ","Hunterdon, Warren"
New Jersey,93,2026-07-25,-2.573739022399747,1,0.12,0.1,Increasing,"Hunterdon, NJ - Warren (Phillipsburg), NJ","Hunterdon, Warren"
New Jersey,93,2026-08-01,-0.26011713868218955,1,0.06,0.14,Increasing,"Hunterdon, NJ - Warren (Phillipsburg), NJ","Hunterdon, Warren"
New Jersey,93,2026-08-08,-0.04613305053377609,1,0.17,0.2,Increasing,"Hunterdon, NJ - Warren (Phillipsburg), NJ","Hunterdon, Warren"
New Jersey,93,2026-08-15,-1.3498958814378124,1,0.11,0.35,Increasing,"Hunterdon, NJ - Warren (Phillipsburg), NJ","Hunterdon, Warren"
New Jersey,93,2026-08-22,0.16680062525481498,1,0.51,0.66,Increasing,"Hunterdon, NJ - Warren (Phillipsburg), NJ","Hunterdon, Warren"
New Jersey,93,2026-08-29,-1.3455729563173773,1,0.18,1.2,Increasing,"Hunterdon, NJ - Warren (Phillipsburg), NJ","Hunterdon, Warren"
New York,10,2025-01-04,-1.7825070231737026,3,1.65,1.28,No Change,"Albany (Albany), NY - Rensselaer, NY","Albany, Rensselaer"
New York,10,2025-01-11,0.9793364111071986,6,1.26,1.28,No Change,"Albany (Albany), NY - Rensselaer, NY","Albany, Rensselaer"
New York,10,2025-01-18,0.6995785871074863,6,1.05,1.18,Decreasing,"Albany (Albany), NY - Rensselaer, NY","Albany, Rensselaer"
New York,10,2025-01-25,0.5973673555171408,6,1.0,1.04,Decreasing,"Albany (Albany), NY - Rensselaer, NY","Albany, Rensselaer"
New York,10,2025-02-01,0.533664016415599,6,0.89,0.89,Decreasing,"Albany (Albany), NY - Rensselaer, NY","Albany, Rensselaer"
New York,10,2025-02-08,0.3616264396595769,6,0.85,0.77,Decreasing,"Albany (Albany), NY - Rensselaer, NY","Albany, Rensselaer"
New York,10,2025-02-15,0.1599835465710724,6,0.64,0.68,Decreasing,"Albany (Albany), NY - Rensselaer, NY","Albany, Rensselaer"
New York,10,2025-02-22,0.4086423025767573,6,0.6,0.62,Decreasing,"Albany (Albany), NY - Rensselaer, NY","Albany, Rensselaer"
New York,10,2025-03-01,0.1889104002811641,6,0.46,0.59,No Change,"Albany (Albany), NY - Rensselaer, NY","Albany, Rensselaer"
New York,10,2025-03-08,0.30717655067126975,6,0.64,0.58,No Change,"Albany (Albany), NY - Rensselaer, NY","Albany, Rensselaer"
New York,10,2025-03-15,0.38122014164825485,6,0.57,0.57,No Change,"Albany (Albany), NY - Rensselaer, NY","Albany, Rensselaer"
New York,10,2025-03-22,0.47851272182477683,6,0.6,0.54,No Change,"Albany (Albany), NY - Rensselaer, NY","Albany, Rensselaer"
New York,10,2025-03-29,0.3414039465806004,6,0.58,0.49,No Change,"Albany (Albany), NY - Rensselaer, NY","Albany, Rensselaer"
New York,10,2025-04-05,0.5206321330928307,6,0.38,0.45,Decreasing,"Albany (Albany), NY - Rensselaer, NY","Albany, Rensselaer"
New York,10,2025-04-12,0.33093958353682745,6,0.44,0.4,Decreasing,"Albany (Albany), NY - Rensselaer, NY","Albany, Rensselaer"
New York,10,2025-04-19,0.31996452539665937,6,0.27,0.36,No Change,"Albany (Albany), NY - Rensselaer, NY","Albany, Rensselaer"
New York,10,2025-04-26,-0.19609692856271485,6,0.35,0.32,No Change,"Albany (Albany), NY - Rensselaer, NY","Albany, Rensselaer"
New York,10,2025-05-03,0.24739644580042644,6,0.33,0.3,No Change,"Albany (Albany), NY - Rensselaer, NY","Albany, Rensselaer"
New York,10,2025-05-10,0.19228679280400077,6,0.2,0.29,No Change,"Albany (Albany), NY - Rensselaer, NY","Albany, Rensselaer"
New York,10,2025-05-17,-0.15295671561925953,6,0.26,0.27,No Change,"Albany (Albany), NY - Rensselaer, NY","Albany, Rensselaer"
New York,10,2025-05-24,0.050234077921864885,6,0.43,0.25,No Change,"Albany (Albany), NY - Rensselaer, NY","Albany, Rensselaer"
New York,10,2025-05-31,0.15398386755362428,6,0.18,0.23,No Change,"Albany (Albany), NY - Rensselaer, NY","Albany, Rensselaer"
New York,10,2025-06-07,-0.024514565694551006,5,0.22,0.21,No Change,"Albany (Albany), NY - Rensselaer, NY","Albany, Rensselaer"
New York,10,2025-06-14,0.09828639675020578,6,0.17,0.19,No Change,"Albany (Albany), NY - Rensselaer, NY","Albany, Rensselaer"
New York,10,2025-06-21,-0.14041322251293445,6,0.2,0.18,No Change,"Albany (Albany), NY - Rensselaer, NY","Albany, Rensselaer"
New York,10,2025-06-28,-0.2503052921425817,6,0.1,0.18,No Change,"Albany (Albany), NY - Rensselaer, NY","Albany, Rensselaer"
New York,10,2025-07-05,-0.5436441153577661,6,0.15,0.18,No Change,"Albany (Albany), NY - Rensselaer, NY","Albany, Rensselaer"
New York,10,2025-07-12,0.23976919867524835,6,0.29,0.19,No Change,"Albany (Albany), NY - Rensselaer, NY","Albany, Rensselaer"
New York,10,2025-07-19,-0.1732788759789596,6,0.17,0.21,Increasing,"Albany (Albany), NY - Rensselaer, NY","Albany, Rensselaer"
New York,10,2025-07-26,-0.0059982385402817156,6,0.24,0.24,Increasing,"Albany (Albany), NY - Rensselaer, NY","Albany, Rensselaer"
New York,10,2025-08-02,-0.05964959154319876,6,0.23,0.27,Increasing,"Albany (Albany), NY - Rensselaer, NY","Albany, Rensselaer"
New York,10,2025-08-09,0.34140195149312025,5,0.34,0.32,Increasing,"Albany (Albany), NY - Rensselaer, NY","Albany, Rensselaer"
New York,10,2025-08-16,0.42730621253568035,6,0.36,0.37,Increasing,"Albany (Albany), NY - Rensselaer, NY","Albany, Rensselaer"
New York,10,2025-08-23,0.33197382012223037,6,0.46,0.42,Increasing,"Albany (Albany), NY - Rensselaer, NY","Albany, Rensselaer"
New York,10,2025-08-30,0.40763036379372597,6,0.54,0.49,Increasing,"Albany (Albany), NY - Rensselaer, NY","Albany, Rensselaer"
New York,10,2025-09-06,0.560220919409843,5,0.53,0.56,Increasing,"Albany (Albany), NY - Rensselaer, NY","Albany, Rensselaer"
New York,10,2025-09-13,0.5436436517274411,6,0.48,0.63,Increasing,"Albany (Albany), NY - Rensselaer, NY","Albany, Rensselaer"
New York,10,2025-09-20,0.5410616123248672,6,0.66,0.68,No Change,"Albany (Albany), NY - Rensselaer, NY","Albany, Rensselaer"
New York,10,2025-09-27,0.6127917342023148,6,0.89,0.67,No Change,"Albany (Albany), NY - Rensselaer, NY","Albany, Rensselaer"
New York,10,2025-10-04,0.3552362716739932,4,0.72,0.6,Decreasing,"Albany (Albany), NY - Rensselaer, NY","Albany, Rensselaer"
New York,10,2025-10-11,0.36967821737406975,4,0.41,0.52,Decreasing,"Albany (Albany), NY - Rensselaer, NY","Albany, Rensselaer"
New York,10,2025-10-18,0.09717861111055204,6,0.44,0.44,Decreasing,"Albany (Albany), NY - Rensselaer, NY","Albany, Rensselaer"
New York,10,2025-10-25,0.3564533766856656,6,0.38,0.38,Decreasing,"Albany (Albany), NY - Rensselaer, NY","Albany, Rensselaer"
New York,10,2025-11-01,-0.47480359457680366,6,0.19,0.35,No Change,"Albany (Albany), NY - Rensselaer, NY","Albany, Rensselaer"
New York,10,2025-11-08,0.31857772818930163,4,0.31,0.35,No Change,"Albany (Albany), NY - Rensselaer, NY","Albany, Rensselaer"
New York,10,2025-11-15,0.42759907546635395,4,0.36,0.39,Increasing,"Albany (Albany), NY - Rensselaer, NY","Albany, Rensselaer"
New York,10,2025-11-22,0.4226302370178991,6,0.68,0.47,Increasing,"Albany (Albany), NY - Rensselaer, NY","Albany, Rensselaer"
New York,10,2025-11-29,0.4332042472381827,4,0.44,0.58,Increasing,"Albany (Albany), NY - Rensselaer, NY","Albany, Rensselaer"
New York,10,2025-12-06,0.39943270603567466,6,0.72,0.71,Increasing,"Albany (Albany), NY - Rensselaer, NY","Albany, Rensselaer"
New York,10,2025-12-13,0.5923647794386638,4,0.86,0.84,Increasing,"Albany (Albany), NY - Rensselaer, NY","Albany, Rensselaer"
New York,10,2025-12-20,0.6598806579140971,6,0.99,0.97,Increasing,"Albany (Albany), NY - Rensselaer, NY","Albany, Rensselaer"
New York,10,2025-12-27,0.5951127424806192,4,0.94,1.05,No Change,"Albany (Albany), NY - Rensselaer, NY","Albany, Rensselaer"
New York,10,2026-01-03,0.7291266639056362,5,1.34,1.08,No Change,"Albany (Albany), NY - Rensselaer, NY","Albany, Rensselaer"
New York,10,2026-01-10,0.6251759890037588,6,0.99,1.03,Decreasing,"Albany (Albany), NY - Rensselaer, NY","Albany, Rensselaer"
New York,10,2026-01-17,0.5076297038552203,4,0.85,0.92,Decreasing,"Albany (Albany), NY - Rensselaer, NY","Albany, Rensselaer"
New York,10,2026-01-24,0.501855887640167,6,0.79,0.81,Decreasing,"Albany (Albany), NY - Rensselaer, NY","Albany, Rensselaer"
New York,10,2026-01-31,0.4737464973755177,6,0.64,0.72,Decreasing,"Albany (Albany), NY - Rensselaer, NY","Albany, Rensselaer"
New York,10,2026-02-07,0.6374884554130389,5,0.67,0.67,No Change,"Albany (Albany), NY - Rensselaer, NY","Albany, Rensselaer"
New York,10,2026-02-14,0.261021191440616,6,0.62,0.63,No Change,"Albany (Albany), NY - Rensselaer, NY","Albany, Rensselaer"
New York,10,2026-02-21,0.41058075243242437,6,0.7,0.59,Decreasing,"Albany (Albany), NY - Rensselaer, NY","Albany, Rensselaer"
New York,10,2026-02-28,0.41399026729607874,6,0.47,0.54,No Change,"Albany (Albany), NY - Rensselaer, NY","Albany, Rensselaer"
New York,10,2026-03-07,0.2531480650560861,5,0.57,0.5,Decreasing,"Albany (Albany), NY - Rensselaer, NY","Albany, Rensselaer"
New York,10,2026-03-14,0.38461741574928715,6,0.39,0.46,No Change,"Albany (Albany), NY - Rensselaer, NY","Albany, Rensselaer"
New York,10,2026-03-21,0.2981340045280839,6,0.4,0.43,No Change,"Albany (Albany), NY - Rensselaer, NY","Albany, Rensselaer"
New York,10,2026-03-28,0.335206031432953,6,0.36,0.41,No Change,"Albany (Albany), NY - Rensselaer, NY","Albany, Rensselaer"
New York,10,2026-04-04,0.3295556650388407,6,0.38,0.38,Decreasing,"Albany (Albany), NY - Rensselaer, NY","Albany, Rensselaer"
New York,10,2026-04-11,0.13136078662702208,6,0.47,0.34,Decreasing,"Albany (Albany), NY - Rensselaer, NY","Albany, Rensselaer"
New York,10,2026-04-18,-0.18247824293599704,6,0.31,0.29,Decreasing,"Albany (Albany), NY - Rensselaer, NY","Albany, Rensselaer"
New York,10,2026-04-25,-0.7437931053788138,6,0.25,0.23,Decreasing,"Albany (Albany), NY - Rensselaer, NY","Albany, Rensselaer"
New York,10,2026-05-02,-0.6397333420922303,6,0.16,0.17,Decreasing,"Albany (Albany), NY - Rensselaer, NY","Albany, Rensselaer"
New York,10,2026-05-09,-1.8971145254223725,3,0.1,0.13,Decreasing,"Albany (Albany), NY - Rensselaer, NY","Albany, Rensselaer"
New York,10,2026-05-16,-0.9027807246627297,6,0.1,0.09,Decreasing,"Albany (Albany), NY - Rensselaer, NY","Albany, Rensselaer"
New York,10,2026-05-23,-1.1406747077643375,6,0.06,0.07,Decreasing,"Albany (Albany), NY - Rensselaer, NY","Albany, Rensselaer"
New York,10,2026-05-30,-1.5617744460778862,6,0.04,0.05,Decreasing,"Albany (Albany), NY - Rensselaer, NY","Albany, Rensselaer"
New York,10,2026-06-06,-2.104995690839054,6,0.02,0.04,Decreasing,"Albany (Albany), NY - Rensselaer, NY","Albany, Rensselaer"
New York,10,2026-06-13,-2.365256151449608,5,0.08,0.04,No Change,"Albany (Albany), NY - Rensselaer, NY","Albany, Rensselaer"
New York,10,2026-06-20,-1.5624089492340039,6,0.0,0.03,No Change,"Albany (Albany), NY - Rensselaer, NY","Albany, Rensselaer"
New York,10,2026-06-27,-1.491120637325525,5,0.02,0.03,No Change,"Albany (Albany), NY - Rensselaer, NY","Albany, Rensselaer"
New York,10,2026-07-04,-1.0918830561162478,6,0.04,0.03,No Change,"Albany (Albany), NY - Rensselaer, NY","Albany, Rensselaer"
New York,10,2026-07-11,-2.163445321969543,5,0.02,0.04,Increasing,"Albany (Albany), NY - Rensselaer, NY","Albany, Rensselaer"
New York,10,2026-07-18,-1.3002374916581299,6,0.06,0.05,Increasing,"Albany (Albany), NY - Rensselaer, NY","Albany, Rensselaer"
New York,10,2026-07-25,-0.08516633124104217,5,0.08,0.06,Increasing,"Albany (Albany), NY - Rensselaer, NY","Albany, Rensselaer"
New York,10,2026-08-01,-0.6647402727281669,6,0.08,0.08,Increasing,"Albany (Albany), NY - Rensselaer, NY","Albany, Rensselaer"
New York,10,2026-08-08,-0.5069239241590933,6,0.14,0.11,Increasing,"Albany (Albany), NY - Rensselaer, NY","Albany, Rensselaer"
New York,10,2026-08-15,-1.6912146905105678,5,0.1,0.19,Increasing,"Albany (Albany), NY - Rensselaer, NY","Albany, Rensselaer"
New York,10,2026-08-22,-1.095218324115232,5,0.18,0.34,Increasing,"Albany (Albany), NY - Rensselaer, NY","Albany, Rensselaer"
New York,105,2025-01-04,-0.48724119213874656,2,1.92,1.65,No Change,"Tompkins, NY - Cortland, NY","Cortland, Tompkins"
New York,105,2025-01-11,-0.9910985677256983,2,2.1,1.78,No Change,"Tompkins, NY - Cortland, NY","Cortland, Tompkins"
New York,105,2025-01-18,-0.565822320318053,2,1.69,1.89,No Change,"Tompkins, NY - Cortland, NY","Cortland, Tompkins"
New York,105,2025-01-25,-1.4257708370634772,2,0.99,1.95,No Change,"Tompkins, NY - Cortland, NY","Cortland, Tompkins"
New York,105,2025-02-01,-1.4257708370634772,2,2.16,1.88,No Change,"Tompkins, NY - Cortland, NY","Cortland, Tompkins"
New York,105,2025-02-08,-1.4257708370634772,2,2.12,1.68,Decreasing,"Tompkins, NY - Cortland, NY","Cortland, Tompkins"
New York,105,2025-02-15,-1.4257708370634772,2,1.86,1.42,Decreasing,"Tompkins, NY - Cortland, NY","Cortland, Tompkins"
New York,105,2025-02-22,-1.4257708370634772,2,1.0,1.19,Decreasing,"Tompkins, NY - Cortland, NY","Cortland, Tompkins"
New York,105,2025-03-01,-1.4257708370634772,2,0.66,1.03,No Change,"Tompkins, NY - Cortland, NY","Cortland, Tompkins"
New York,105,2025-03-08,-1.176672621766095,1,0.5,0.95,No Change,"Tompkins, NY - Cortland, NY","Cortland, Tompkins"
New York,105,2025-03-15,-1.176672621766095,1,1.38,0.96,No Change,"Tompkins, NY - Cortland, NY","Cortland, Tompkins"
New York,105,2025-03-22,-1.176672621766095,1,0.78,1.06,No Change,"Tompkins, NY - Cortland, NY","Cortland, Tompkins"
New York,105,2025-03-29,-1.176672621766095,1,2.1,1.22,No Change,"Tompkins, NY - Cortland, NY","Cortland, Tompkins"
New York,105,2025-04-05,-1.176672621766095,1,1.11,1.35,No Change,"Tompkins, NY - Cortland, NY","Cortland, Tompkins"
New York,105,2025-04-12,-1.176672621766095,1,1.1,1.34,No Change,"Tompkins, NY - Cortland, NY","Cortland, Tompkins"
New York,105,2025-04-19,-1.176672621766095,1,1.45,1.16,Decreasing,"Tompkins, NY - Cortland, NY","Cortland, Tompkins"
New York,105,2025-04-26,-1.176672621766095,1,1.28,0.89,Decreasing,"Tompkins, NY - Cortland, NY","Cortland, Tompkins"
New York,105,2025-05-03,-1.176672621766095,1,0.39,0.62,Decreasing,"Tompkins, NY - Cortland, NY","Cortland, Tompkins"
New York,105,2025-05-10,-0.1849836405299068,1,0.34,0.41,Decreasing,"Tompkins, NY - Cortland, NY","Cortland, Tompkins"
New York,105,2025-05-17,-0.32476412663324117,1,0.17,0.29,Decreasing,"Tompkins, NY - Cortland, NY","Cortland, Tompkins"
New York,105,2025-05-24,0.6467948466165606,2,0.09,0.22,Decreasing,"Tompkins, NY - Cortland, NY","Cortland, Tompkins"
New York,105,2025-05-31,0.6821798163767372,2,0.18,0.19,No Change,"Tompkins, NY - Cortland, NY","Cortland, Tompkins"
New York,105,2025-06-07,0.6598425152965033,2,0.17,0.19,No Change,"Tompkins, NY - Cortland, NY","Cortland, Tompkins"
New York,105,2025-06-14,0.04774320246724745,2,0.18,0.19,No Change,"Tompkins, NY - Cortland, NY","Cortland, Tompkins"
New York,105,2025-06-21,0.5237167285709688,2,0.24,0.2,No Change,"Tompkins, NY - Cortland, NY","Cortland, Tompkins"
New York,105,2025-06-28,0.06693966947481877,2,0.39,0.2,No Change,"Tompkins, NY - Cortland, NY","Cortland, Tompkins"
New York,105,2025-07-05,-0.36688756894819813,2,0.26,0.21,No Change,"Tompkins, NY - Cortland, NY","Cortland, Tompkins"
New York,105,2025-07-12,0.5414829403415592,2,0.09,0.22,No Change,"Tompkins, NY - Cortland, NY","Cortland, Tompkins"
New York,105,2025-07-19,0.6065538243389952,2,0.18,0.23,No Change,"Tompkins, NY - Cortland, NY","Cortland, Tompkins"
New York,105,2025-07-26,0.6481333567330121,2,0.19,0.27,Increasing,"Tompkins, NY - Cortland, NY","Cortland, Tompkins"
New York,105,2025-08-02,0.1251956355218874,2,0.26,0.33,Increasing,"Tompkins, NY - Cortland, NY","Cortland, Tompkins"
New York,105,2025-08-09,0.6836849473475585,2,0.46,0.43,Increasing,"Tompkins, NY - Cortland, NY","Cortland, Tompkins"
New York,105,2025-08-16,0.7792280849063107,2,0.66,0.55,Increasing,"Tompkins, NY - Cortland, NY","Cortland, Tompkins"
New York,105,2025-08-23,0.8014172933512612,2,0.88,0.7,Increasing,"Tompkins, NY - Cortland, NY","Cortland, Tompkins"
New York,105,2025-08-30,0.949227309258688,2,0.53,0.88,Increasing,"Tompkins, NY - Cortland, NY","Cortland, Tompkins"
New York,105,2025-09-06,1.0745237674411787,2,0.8,1.12,Increasing,"Tompkins, NY - Cortland, NY","Cortland, Tompkins"
New York,105,2025-09-13,1.1084802204484023,2,1.73,1.39,Increasing,"Tompkins, NY - Cortland, NY","Cortland, Tompkins"
New York,105,2025-09-20,0.8172171514575246,1,1.39,1.51,No Change,"Tompkins, NY - Cortland, NY","Cortland, Tompkins"
New York,105,2025-09-27,0.930763590326774,1,2.31,1.33,Decreasing,"Tompkins, NY - Cortland, NY","Cortland, Tompkins"
New York,105,2025-10-04,0.8909973944634346,1,0.48,0.99,Decreasing,"Tompkins, NY - Cortland, NY","Cortland, Tompkins"
New York,105,2025-10-11,0.6735756494403811,2,0.58,0.7,Decreasing,"Tompkins, NY - Cortland, NY","Cortland, Tompkins"
New York,105,2025-10-18,0.6689432648778704,2,0.37,0.55,Decreasing,"Tompkins, NY - Cortland, NY","Cortland, Tompkins"
New York,105,2025-10-25,0.6280318256104471,1,0.34,0.5,No Change,"Tompkins, NY - Cortland, NY","Cortland, Tompkins"
New York,105,2025-11-01,-0.13809322216866876,1,0.26,0.51,No Change,"Tompkins, NY - Cortland, NY","Cortland, Tompkins"
New York,105,2025-11-08,0.6357057400573892,2,0.76,0.56,No Change,"Tompkins, NY - Cortland, NY","Cortland, Tompkins"
New York,105,2025-11-15,-0.0291596805380141,1,0.8,0.63,No Change,"Tompkins, NY - Cortland, NY","Cortland, Tompkins"
New York,105,2025-11-22,-0.2384705501586673,2,0.98,0.74,Increasing,"Tompkins, NY - Cortland, NY","Cortland, Tompkins"
New York,105,2025-11-29,0.8155057882626278,2,0.61,0.85,Increasing,"Tompkins, NY - Cortland, NY","Cortland, Tompkins"
New York,105,2025-12-06,0.20449708316242882,2,1.08,0.98,No Change,"Tompkins, NY - Cortland, NY","Cortland, Tompkins"
New York,105,2025-12-13,0.9240633844986135,1,0.53,1.1,No Change,"Tompkins, NY - Cortland, NY","Cortland, Tompkins"
New York,105,2025-12-20,0.8371089789386159,2,1.09,1.19,No Change,"Tompkins, NY - Cortland, NY","Cortland, Tompkins"
New York,105,2025-12-27,1.1254113982182785,1,2.18,1.26,No Change,"Tompkins, NY - Cortland, NY","Cortland, Tompkins"
New York,105,2026-01-03,0.8894916937071513,2,1.65,1.28,No Change,"Tompkins, NY - Cortland, NY","Cortland, Tompkins"
New York,105,2026-01-10,0.8575176170593672,2,0.66,1.27,No Change,"Tompkins, NY - Cortland, NY","Cortland, Tompkins"
New York,105,2026-01-17,0.5712582211574462,2,0.76,1.25,No Change,"Tompkins, NY - Cortland, NY","Cortland, Tompkins"
New York,105,2026-01-24,0.6366375120757984,2,1.58,1.25,No Change,"Tompkins, NY - Cortland, NY","Cortland, Tompkins"
New York,105,2026-01-31,0.8276414184792078,2,1.0,1.3,No Change,"Tompkins, NY - Cortland, NY","Cortland, Tompkins"
New York,105,2026-02-07,0.9579189638898952,2,1.67,1.42,No Change,"Tompkins, NY - Cortland, NY","Cortland, Tompkins"
New York,105,2026-02-14,0.9814437252151353,2,1.49,1.51,No Change,"Tompkins, NY - Cortland, NY","Cortland, Tompkins"
New York,105,2026-02-21,1.0669143088787543,1,1.44,1.47,No Change,"Tompkins, NY - Cortland, NY","Cortland, Tompkins"
New York,105,2026-02-28,1.0209413719784153,1,1.66,1.3,Decreasing,"Tompkins, NY - Cortland, NY","Cortland, Tompkins"
New York,105,2026-03-07,1.0642283069333796,2,0.82,1.06,Decreasing,"Tompkins, NY - Cortland, NY","Cortland, Tompkins"
New York,105,2026-03-14,0.5473861534616353,2,1.14,0.85,Decreasing,"Tompkins, NY - Cortland, NY","Cortland, Tompkins"
New York,105,2026-03-21,0.6356370305778679,2,0.34,0.69,Decreasing,"Tompkins, NY - Cortland, NY","Cortland, Tompkins"
New York,105,2026-03-28,0.6366135485600031,2,0.45,0.57,Decreasing,"Tompkins, NY - Cortland, NY","Cortland, Tompkins"
New York,105,2026-04-04,0.5174704096350513,1,0.19,0.5,No Change,"Tompkins, NY - Cortland, NY","Cortland, Tompkins"
New York,105,2026-04-11,-0.24367619592355577,2,0.82,0.46,No Change,"Tompkins, NY - Cortland, NY","Cortland, Tompkins"
New York,105,2026-04-18,0.6003989472128168,2,0.49,0.42,No Change,"Tompkins, NY - Cortland, NY","Cortland, Tompkins"
New York,105,2026-04-25,0.02556715574741822,2,0.42,0.35,Decreasing,"Tompkins, NY - Cortland, NY","Cortland, Tompkins"
New York,105,2026-05-02,-0.46531464080815643,2,0.25,0.27,Decreasing,"Tompkins, NY - Cortland, NY","Cortland, Tompkins"
New York,105,2026-05-09,-0.43137751591901097,2,0.16,0.19,Decreasing,"Tompkins, NY - Cortland, NY","Cortland, Tompkins"
New York,105,2026-05-16,-0.01730209710414346,2,0.26,0.13,Decreasing,"Tompkins, NY - Cortland, NY","Cortland, Tompkins"
New York,105,2026-05-23,-0.4764224256327229,2,0.0,0.09,Decreasing,"Tompkins, NY - Cortland, NY","Cortland, Tompkins"
New York,105,2026-05-30,0.5174704096350513,1,0.0,0.06,Decreasing,"Tompkins, NY - Cortland, NY","Cortland, Tompkins"
New York,105,2026-06-06,-0.4764224256327229,2,0.12,0.04,Decreasing,"Tompkins, NY - Cortland, NY","Cortland, Tompkins"
New York,105,2026-06-13,-1.176672621766095,1,0.0,0.03,Decreasing,"Tompkins, NY - Cortland, NY","Cortland, Tompkins"
New York,105,2026-06-20,-1.176672621766095,1,0.0,0.02,No Change,"Tompkins, NY - Cortland, NY","Cortland, Tompkins"
New York,105,2026-06-27,-1.4257708370634772,2,0.09,0.02,No Change,"Tompkins, NY - Cortland, NY","Cortland, Tompkins"
New York,105,2026-07-04,-1.4257708370634772,2,0.0,0.02,No Change,"Tompkins, NY - Cortland, NY","Cortland, Tompkins"
New York,105,2026-07-11,0.5174704096350513,1,0.0,0.02,No Change,"Tompkins, NY - Cortland, NY","Cortland, Tompkins"
New York,105,2026-07-18,-1.4257708370634772,2,0.0,0.02,No Change,"Tompkins, NY - Cortland, NY","Cortland, Tompkins"
New York,105,2026-07-25,-0.9316866385662707,2,0.0,0.03,Increasing,"Tompkins, NY - Cortland, NY","Cortland, Tompkins"
New York,105,2026-08-01,-0.0479302553024408,2,0.09,0.04,Increasing,"Tompkins, NY - Cortland, NY","Cortland, Tompkins"
New York,105,2026-08-08,-0.37722743269408077,2,0.0,0.08,Increasing,"Tompkins, NY - Cortland, NY","Cortland, Tompkins"
New York,105,2026-08-15,0.5401752581301463,2,0.08,0.18,Increasing,"Tompkins, NY - Cortland, NY","Cortland, Tompkins"
New York,105,2026-08-22,0.47068884580711423,2,0.08,0.42,Increasing,"Tompkins, NY - Cortland, NY","Cortland, Tompkins"
New York,106,2025-01-04,-1.223602426744387,1,2.22,1.61,No Change,"Chautauqua, NY",Chautauqua
New York,106,2025-01-11,-1.05146873619237,3,1.66,1.68,No Change,"Chautauqua, NY",Chautauqua
New York,106,2025-01-18,-0.9654018909163614,2,1.49,1.58,No Change,"Chautauqua, NY",Chautauqua
New York,106,2025-01-25,-0.5862211155233306,4,0.76,1.4,Decreasing,"Chautauqua, NY",Chautauqua
New York,106,2025-02-01,-1.035912573237542,4,1.35,1.24,Decreasing,"Chautauqua, NY",Chautauqua
New York,106,2025-02-08,-1.035912573237542,4,1.3,1.13,No Change,"Chautauqua, NY",Chautauqua
New York,106,2025-02-15,-0.630360954755898,4,1.27,1.06,No Change,"Chautauqua, NY",Chautauqua
New York,106,2025-02-22,-1.035912573237542,4,0.78,0.98,No Change,"Chautauqua, NY",Chautauqua
New York,106,2025-03-01,-1.05146873619237,3,0.95,0.89,No Change,"Chautauqua, NY",Chautauqua
New York,106,2025-03-08,-1.102157299050813,2,0.79,0.78,No Change,"Chautauqua, NY",Chautauqua
New York,106,2025-03-15,-0.9807121713572391,1,0.47,0.68,Decreasing,"Chautauqua, NY",Chautauqua
New York,106,2025-03-22,-1.0645195608248947,3,0.67,0.61,No Change,"Chautauqua, NY",Chautauqua
New York,106,2025-03-29,-1.102157299050813,2,0.78,0.56,No Change,"Chautauqua, NY",Chautauqua
New York,106,2025-04-05,-1.05146873619237,3,0.24,0.52,No Change,"Chautauqua, NY",Chautauqua
New York,106,2025-04-12,-1.035912573237542,4,0.55,0.49,No Change,"Chautauqua, NY",Chautauqua
New York,106,2025-04-19,-1.035912573237542,4,0.42,0.45,No Change,"Chautauqua, NY",Chautauqua
New York,106,2025-04-26,-0.9807121713572391,1,0.32,0.4,Decreasing,"Chautauqua, NY",Chautauqua
New York,106,2025-05-03,-1.102157299050813,2,0.78,0.32,Decreasing,"Chautauqua, NY",Chautauqua
New York,106,2025-05-10,-1.102157299050813,2,0.15,0.24,Decreasing,"Chautauqua, NY",Chautauqua
New York,106,2025-05-17,-0.9733492887352603,3,0.15,0.17,Decreasing,"Chautauqua, NY",Chautauqua
New York,106,2025-05-24,-0.9807121713572391,1,0.07,0.13,Decreasing,"Chautauqua, NY",Chautauqua
New York,106,2025-05-31,-1.0645195608248947,3,0.0,0.1,No Change,"Chautauqua, NY",Chautauqua
New York,106,2025-06-07,0.1721038275145171,4,0.0,0.09,No Change,"Chautauqua, NY",Chautauqua
New York,106,2025-06-14,0.4104020745310306,4,0.08,0.09,No Change,"Chautauqua, NY",Chautauqua
New York,106,2025-06-21,0.24255983507680237,4,0.14,0.1,No Change,"Chautauqua, NY",Chautauqua
New York,106,2025-06-28,-0.3188155284553902,4,0.07,0.11,No Change,"Chautauqua, NY",Chautauqua
New York,106,2025-07-05,0.1339773769667499,4,0.28,0.13,No Change,"Chautauqua, NY",Chautauqua
New York,106,2025-07-12,0.15668825006114848,4,0.07,0.15,No Change,"Chautauqua, NY",Chautauqua
New York,106,2025-07-19,0.41360040374821777,4,0.34,0.18,No Change,"Chautauqua, NY",Chautauqua
New York,106,2025-07-26,-0.18349890571609398,4,0.07,0.22,Increasing,"Chautauqua, NY",Chautauqua
New York,106,2025-08-02,-0.14923347182872806,4,0.21,0.26,Increasing,"Chautauqua, NY",Chautauqua
New York,106,2025-08-09,-0.30333555590953853,4,0.36,0.33,Increasing,"Chautauqua, NY",Chautauqua
New York,106,2025-08-16,0.37609800839064594,4,0.54,0.42,Increasing,"Chautauqua, NY",Chautauqua
New York,106,2025-08-23,0.8978353938042336,4,0.34,0.54,Increasing,"Chautauqua, NY",Chautauqua
New York,106,2025-08-30,0.023184108727753255,4,0.61,0.67,Increasing,"Chautauqua, NY",Chautauqua
New York,106,2025-09-06,1.025217125084842,4,1.23,0.8,Increasing,"Chautauqua, NY",Chautauqua
New York,106,2025-09-13,0.47620078360103446,4,0.65,0.9,No Change,"Chautauqua, NY",Chautauqua
New York,106,2025-09-20,0.5948756012480786,4,0.84,0.93,No Change,"Chautauqua, NY",Chautauqua
New York,106,2025-09-27,0.5186101757172762,4,0.98,0.87,No Change,"Chautauqua, NY",Chautauqua
New York,106,2025-10-04,0.9964314668811349,3,1.1,0.74,Decreasing,"Chautauqua, NY",Chautauqua
New York,106,2025-10-11,0.8938562085592588,3,0.47,0.62,Decreasing,"Chautauqua, NY",Chautauqua
New York,106,2025-10-18,0.3933773274252468,4,0.38,0.53,No Change,"Chautauqua, NY",Chautauqua
New York,106,2025-10-25,-0.05074027094699793,4,0.42,0.49,No Change,"Chautauqua, NY",Chautauqua
New York,106,2025-11-01,0.5966027652564463,4,0.29,0.48,No Change,"Chautauqua, NY",Chautauqua
New York,106,2025-11-08,0.5586995965442372,4,0.76,0.52,No Change,"Chautauqua, NY",Chautauqua
New York,106,2025-11-15,1.1635687814627156,2,0.48,0.6,Increasing,"Chautauqua, NY",Chautauqua
New York,106,2025-11-22,1.0322649631142906,4,0.73,0.72,Increasing,"Chautauqua, NY",Chautauqua
New York,106,2025-11-29,0.3790797306456402,3,0.86,0.84,Increasing,"Chautauqua, NY",Chautauqua
New York,106,2025-12-06,1.3110133359015739,4,1.41,0.96,No Change,"Chautauqua, NY",Chautauqua
New York,106,2025-12-13,1.2337493221911562,3,0.52,1.06,No Change,"Chautauqua, NY",Chautauqua
New York,106,2025-12-20,1.1600902487314646,4,0.85,1.14,No Change,"Chautauqua, NY",Chautauqua
New York,106,2025-12-27,1.0242151205339338,2,1.7,1.21,No Change,"Chautauqua, NY",Chautauqua
New York,106,2026-01-03,1.0736726844754316,2,1.67,1.25,No Change,"Chautauqua, NY",Chautauqua
New York,106,2026-01-10,0.964076090884332,4,0.83,1.25,No Change,"Chautauqua, NY",Chautauqua
New York,106,2026-01-17,1.0956685719080796,4,1.12,1.24,No Change,"Chautauqua, NY",Chautauqua
New York,106,2026-01-24,0.9850355122089899,4,1.23,1.23,No Change,"Chautauqua, NY",Chautauqua
New York,106,2026-01-31,0.6002935004547447,4,1.02,1.29,No Change,"Chautauqua, NY",Chautauqua
New York,106,2026-02-07,1.1405425102244429,4,1.53,1.38,No Change,"Chautauqua, NY",Chautauqua
New York,106,2026-02-14,1.26787756511951,3,1.68,1.4,No Change,"Chautauqua, NY",Chautauqua
New York,106,2026-02-21,0.5770228865875795,4,1.44,1.24,Decreasing,"Chautauqua, NY",Chautauqua
New York,106,2026-02-28,0.8496853244955171,4,0.86,0.95,Decreasing,"Chautauqua, NY",Chautauqua
New York,106,2026-03-07,1.0813277638131984,4,0.73,0.71,Decreasing,"Chautauqua, NY",Chautauqua
New York,106,2026-03-14,1.1361195404864328,3,0.22,0.57,Decreasing,"Chautauqua, NY",Chautauqua
New York,106,2026-03-21,0.5004093708753952,4,0.15,0.52,No Change,"Chautauqua, NY",Chautauqua
New York,106,2026-03-28,0.9625561871338809,4,0.66,0.49,No Change,"Chautauqua, NY",Chautauqua
New York,106,2026-04-04,0.4167910904335221,4,0.81,0.43,Decreasing,"Chautauqua, NY",Chautauqua
New York,106,2026-04-11,-0.15035131885052608,4,0.39,0.34,Decreasing,"Chautauqua, NY",Chautauqua
New York,106,2026-04-18,-0.5965054726399219,4,0.21,0.24,Decreasing,"Chautauqua, NY",Chautauqua
New York,106,2026-04-25,-1.0543127071976428,3,0.15,0.16,Decreasing,"Chautauqua, NY",Chautauqua
New York,106,2026-05-02,-0.1418128755644739,4,0.16,0.1,Decreasing,"Chautauqua, NY",Chautauqua
New York,106,2026-05-09,-0.6305621502822983,4,0.0,0.06,Decreasing,"Chautauqua, NY",Chautauqua
New York,106,2026-05-16,-0.17884050478068522,4,0.0,0.04,Decreasing,"Chautauqua, NY",Chautauqua
New York,106,2026-05-23,-0.37240074691038155,3,0.0,0.02,Decreasing,"Chautauqua, NY",Chautauqua
New York,106,2026-05-30,-0.5304475964690216,4,0.0,0.02,Decreasing,"Chautauqua, NY",Chautauqua
New York,106,2026-06-06,-0.6305621502822983,4,0.0,0.01,No Change,"Chautauqua, NY",Chautauqua
New York,106,2026-06-13,-0.5826274977487539,4,0.0,0.01,No Change,"Chautauqua, NY",Chautauqua
New York,106,2026-06-20,-0.151382015119525,4,0.0,0.01,No Change,"Chautauqua, NY",Chautauqua
New York,106,2026-06-27,-0.5852011668688829,4,0.07,0.01,No Change,"Chautauqua, NY",Chautauqua
New York,106,2026-07-04,-1.0645195608248947,3,0.0,0.01,No Change,"Chautauqua, NY",Chautauqua
New York,106,2026-07-11,-1.0645195608248947,3,0.0,0.01,No Change,"Chautauqua, NY",Chautauqua
New York,106,2026-07-18,-1.035912573237542,4,0.0,0.02,Increasing,"Chautauqua, NY",Chautauqua
New York,106,2026-07-25,-0.18195124329257376,4,0.07,0.02,Increasing,"Chautauqua, NY",Chautauqua
New York,106,2026-08-01,-0.14254852924056585,4,0.07,0.03,Increasing,"Chautauqua, NY",Chautauqua
New York,106,2026-08-08,0.30502584875036076,4,0.0,0.06,Increasing,"Chautauqua, NY",Chautauqua
New York,106,2026-08-15,-0.13244187721797865,4,0.0,0.13,Increasing,"Chautauqua, NY",Chautauqua
New York,106,2026-08-22,-0.0907116427401014,4,0.0,0.31,Increasing,"Chautauqua, NY",Chautauqua
New York,19,2025-01-04,-1.9926097885628233,4,1.39,0.91,No Change,"Broome (Binghamton), NY - Tioga, NY","Broome, Tioga"
New York,19,2025-01-11,-1.9926097885628233,4,0.82,0.98,No Change,"Broome (Binghamton), NY - Tioga, NY","Broome, Tioga"
New York,19,2025-01-18,-1.9926097885628233,4,0.69,0.99,No Change,"Broome (Binghamton), NY - Tioga, NY","Broome, Tioga"
New York,19,2025-01-25,-1.7392205125269187,4,1.14,0.96,No Change,"Broome (Binghamton), NY - Tioga, NY","Broome, Tioga"
New York,19,2025-02-01,-1.9926097885628233,4,0.91,0.93,No Change,"Broome (Binghamton), NY - Tioga, NY","Broome, Tioga"
New York,19,2025-02-08,-2.054186220602516,3,0.77,0.94,No Change,"Broome (Binghamton), NY - Tioga, NY","Broome, Tioga"
New York,19,2025-02-15,-1.9926097885628233,4,0.97,0.98,No Change,"Broome (Binghamton), NY - Tioga, NY","Broome, Tioga"
New York,19,2025-02-22,-1.9298917480022344,2,1.01,0.99,No Change,"Broome (Binghamton), NY - Tioga, NY","Broome, Tioga"
New York,19,2025-03-01,-1.9298917480022344,2,1.22,0.95,No Change,"Broome (Binghamton), NY - Tioga, NY","Broome, Tioga"
New York,19,2025-03-08,0.7196209990777479,4,0.92,0.86,No Change,"Broome (Binghamton), NY - Tioga, NY","Broome, Tioga"
New York,19,2025-03-15,0.6473020743463558,4,0.49,0.77,Decreasing,"Broome (Binghamton), NY - Tioga, NY","Broome, Tioga"
New York,19,2025-03-22,0.5686837140447388,4,0.65,0.7,No Change,"Broome (Binghamton), NY - Tioga, NY","Broome, Tioga"
New York,19,2025-03-29,0.5209617002846443,4,0.73,0.65,No Change,"Broome (Binghamton), NY - Tioga, NY","Broome, Tioga"
New York,19,2025-04-05,0.7024709502824397,4,0.65,0.6,No Change,"Broome (Binghamton), NY - Tioga, NY","Broome, Tioga"
New York,19,2025-04-12,0.41879149193549975,4,0.42,0.54,No Change,"Broome (Binghamton), NY - Tioga, NY","Broome, Tioga"
New York,19,2025-04-19,0.6674289477262783,4,0.51,0.47,Decreasing,"Broome (Binghamton), NY - Tioga, NY","Broome, Tioga"
New York,19,2025-04-26,0.8675760641254235,4,0.65,0.4,Decreasing,"Broome (Binghamton), NY - Tioga, NY","Broome, Tioga"
New York,19,2025-05-03,0.5681192974372671,4,0.28,0.33,Decreasing,"Broome (Binghamton), NY - Tioga, NY","Broome, Tioga"
New York,19,2025-05-10,-0.06172764604435063,4,0.14,0.26,Decreasing,"Broome (Binghamton), NY - Tioga, NY","Broome, Tioga"
New York,19,2025-05-17,0.23109720953615182,4,0.18,0.21,Decreasing,"Broome (Binghamton), NY - Tioga, NY","Broome, Tioga"
New York,19,2025-05-24,0.2147342032982889,4,0.14,0.18,No Change,"Broome (Binghamton), NY - Tioga, NY","Broome, Tioga"
New York,19,2025-05-31,0.32817132694405055,4,0.28,0.16,No Change,"Broome (Binghamton), NY - Tioga, NY","Broome, Tioga"
New York,19,2025-06-07,0.3642818101929469,4,0.09,0.15,No Change,"Broome (Binghamton), NY - Tioga, NY","Broome, Tioga"
New York,19,2025-06-14,0.3579724232114629,4,0.14,0.14,No Change,"Broome (Binghamton), NY - Tioga, NY","Broome, Tioga"
New York,19,2025-06-21,0.2063381998380641,4,0.18,0.14,No Change,"Broome (Binghamton), NY - Tioga, NY","Broome, Tioga"
New York,19,2025-06-28,0.21511436853696939,4,0.09,0.14,No Change,"Broome (Binghamton), NY - Tioga, NY","Broome, Tioga"
New York,19,2025-07-05,-0.051480000138843296,4,0.09,0.15,No Change,"Broome (Binghamton), NY - Tioga, NY","Broome, Tioga"
New York,19,2025-07-12,0.32775766681189367,4,0.13,0.18,No Change,"Broome (Binghamton), NY - Tioga, NY","Broome, Tioga"
New York,19,2025-07-19,0.4450073276230807,4,0.32,0.21,Increasing,"Broome (Binghamton), NY - Tioga, NY","Broome, Tioga"
New York,19,2025-07-26,0.5872846177336393,4,0.35,0.25,Increasing,"Broome (Binghamton), NY - Tioga, NY","Broome, Tioga"
New York,19,2025-08-02,-0.03414230769307888,4,0.27,0.3,Increasing,"Broome (Binghamton), NY - Tioga, NY","Broome, Tioga"
New York,19,2025-08-09,0.6080706994679452,4,0.17,0.37,Increasing,"Broome (Binghamton), NY - Tioga, NY","Broome, Tioga"
New York,19,2025-08-16,0.4702109216595111,4,0.61,0.45,Increasing,"Broome (Binghamton), NY - Tioga, NY","Broome, Tioga"
New York,19,2025-08-23,0.5099823411707913,4,0.48,0.55,Increasing,"Broome (Binghamton), NY - Tioga, NY","Broome, Tioga"
New York,19,2025-08-30,0.8157228206529642,4,0.65,0.67,Increasing,"Broome (Binghamton), NY - Tioga, NY","Broome, Tioga"
New York,19,2025-09-06,0.7324857041164896,4,0.77,0.79,Increasing,"Broome (Binghamton), NY - Tioga, NY","Broome, Tioga"
New York,19,2025-09-13,0.9400697813662153,4,0.98,0.89,No Change,"Broome (Binghamton), NY - Tioga, NY","Broome, Tioga"
New York,19,2025-09-20,0.7158928577601862,4,0.84,0.93,No Change,"Broome (Binghamton), NY - Tioga, NY","Broome, Tioga"
New York,19,2025-09-27,0.6577088539249614,4,1.11,0.88,Decreasing,"Broome (Binghamton), NY - Tioga, NY","Broome, Tioga"
New York,19,2025-10-04,0.029025234757608293,4,0.69,0.76,Decreasing,"Broome (Binghamton), NY - Tioga, NY","Broome, Tioga"
New York,19,2025-10-11,0.5202541979549552,4,0.75,0.62,Decreasing,"Broome (Binghamton), NY - Tioga, NY","Broome, Tioga"
New York,19,2025-10-18,0.37998752960805193,4,0.41,0.49,Decreasing,"Broome (Binghamton), NY - Tioga, NY","Broome, Tioga"
New York,19,2025-10-25,-0.29518310251224866,4,0.31,0.39,Decreasing,"Broome (Binghamton), NY - Tioga, NY","Broome, Tioga"
New York,19,2025-11-01,0.1396588566154532,4,0.28,0.33,Decreasing,"Broome (Binghamton), NY - Tioga, NY","Broome, Tioga"
New York,19,2025-11-08,-0.17377075551838816,4,0.3,0.3,No Change,"Broome (Binghamton), NY - Tioga, NY","Broome, Tioga"
New York,19,2025-11-15,0.22186614575871844,1,0.36,0.3,No Change,"Broome (Binghamton), NY - Tioga, NY","Broome, Tioga"
New York,19,2025-11-22,0.3954222458806431,4,0.27,0.32,Increasing,"Broome (Binghamton), NY - Tioga, NY","Broome, Tioga"
New York,19,2025-11-29,0.4538784723193839,2,0.29,0.38,Increasing,"Broome (Binghamton), NY - Tioga, NY","Broome, Tioga"
New York,19,2025-12-06,0.5050121011341916,3,0.45,0.48,Increasing,"Broome (Binghamton), NY - Tioga, NY","Broome, Tioga"
New York,19,2025-12-13,0.6267714716563988,4,0.64,0.63,Increasing,"Broome (Binghamton), NY - Tioga, NY","Broome, Tioga"
New York,19,2025-12-20,0.6848450529944103,4,0.78,0.83,Increasing,"Broome (Binghamton), NY - Tioga, NY","Broome, Tioga"
New York,19,2025-12-27,0.9731447058526075,2,1.14,1.08,Increasing,"Broome (Binghamton), NY - Tioga, NY","Broome, Tioga"
New York,19,2026-01-03,0.4919600045734966,3,1.44,1.32,Increasing,"Broome (Binghamton), NY - Tioga, NY","Broome, Tioga"
New York,19,2026-01-10,0.7189328503646919,4,1.74,1.46,No Change,"Broome (Binghamton), NY - Tioga, NY","Broome, Tioga"
New York,19,2026-01-17,0.42225815465051664,4,1.2,1.48,No Change,"Broome (Binghamton), NY - Tioga, NY","Broome, Tioga"
New York,19,2026-01-24,0.5478803056173933,4,1.43,1.44,No Change,"Broome (Binghamton), NY - Tioga, NY","Broome, Tioga"
New York,19,2026-01-31,0.9502523480413538,1,1.39,1.43,No Change,"Broome (Binghamton), NY - Tioga, NY","Broome, Tioga"
New York,19,2026-02-07,0.6543180089542383,3,1.34,1.48,No Change,"Broome (Binghamton), NY - Tioga, NY","Broome, Tioga"
New York,19,2026-02-14,0.618318887334583,4,1.51,1.52,No Change,"Broome (Binghamton), NY - Tioga, NY","Broome, Tioga"
New York,19,2026-02-21,0.7826034617365171,4,1.52,1.48,No Change,"Broome (Binghamton), NY - Tioga, NY","Broome, Tioga"
New York,19,2026-02-28,0.5975575453459375,4,1.59,1.34,Decreasing,"Broome (Binghamton), NY - Tioga, NY","Broome, Tioga"
New York,19,2026-03-07,0.6409224484815734,4,1.21,1.15,Decreasing,"Broome (Binghamton), NY - Tioga, NY","Broome, Tioga"
New York,19,2026-03-14,-0.0875821365621719,4,0.71,0.95,Decreasing,"Broome (Binghamton), NY - Tioga, NY","Broome, Tioga"
New York,19,2026-03-21,0.49393070078170115,4,0.68,0.77,Decreasing,"Broome (Binghamton), NY - Tioga, NY","Broome, Tioga"
New York,19,2026-03-28,0.2792824765117097,4,0.68,0.59,Decreasing,"Broome (Binghamton), NY - Tioga, NY","Broome, Tioga"
New York,19,2026-04-04,0.6940439780075267,3,0.59,0.44,Decreasing,"Broome (Binghamton), NY - Tioga, NY","Broome, Tioga"
New York,19,2026-04-11,-0.5456122578064077,3,0.23,0.31,Decreasing,"Broome (Binghamton), NY - Tioga, NY","Broome, Tioga"
New York,19,2026-04-18,0.3271857152607297,4,0.25,0.21,Decreasing,"Broome (Binghamton), NY - Tioga, NY","Broome, Tioga"
New York,19,2026-04-25,-0.41163686031649876,4,0.13,0.14,Decreasing,"Broome (Binghamton), NY - Tioga, NY","Broome, Tioga"
New York,19,2026-05-02,-0.3994039969257722,4,0.08,0.09,Decreasing,"Broome (Binghamton), NY - Tioga, NY","Broome, Tioga"
New York,19,2026-05-09,-0.6956104939132355,2,0.04,0.06,Decreasing,"Broome (Binghamton), NY - Tioga, NY","Broome, Tioga"
New York,19,2026-05-16,0.15972536496324202,2,0.04,0.05,Decreasing,"Broome (Binghamton), NY - Tioga, NY","Broome, Tioga"
New York,19,2026-05-23,-0.2894462403759886,4,0.04,0.03,Decreasing,"Broome (Binghamton), NY - Tioga, NY","Broome, Tioga"
New York,19,2026-05-30,0.03896136014037397,2,0.0,0.03,No Change,"Broome (Binghamton), NY - Tioga, NY","Broome, Tioga"
New York,19,2026-06-06,-0.9294602702811038,4,0.0,0.02,No Change,"Broome (Binghamton), NY - Tioga, NY","Broome, Tioga"
New York,19,2026-06-13,-1.4638847377951703,4,0.0,0.02,No Change,"Broome (Binghamton), NY - Tioga, NY","Broome, Tioga"
New York,19,2026-06-20,-1.4984014665738923,4,0.04,0.02,No Change,"Broome (Binghamton), NY - Tioga, NY","Broome, Tioga"
New York,19,2026-06-27,-1.4089075271080114,4,0.0,0.02,No Change,"Broome (Binghamton), NY - Tioga, NY","Broome, Tioga"
New York,19,2026-07-04,-0.7825492390898375,4,0.08,0.03,No Change,"Broome (Binghamton), NY - Tioga, NY","Broome, Tioga"
New York,19,2026-07-11,-0.886565759983335,4,0.0,0.03,No Change,"Broome (Binghamton), NY - Tioga, NY","Broome, Tioga"
New York,19,2026-07-18,-0.8881937733383469,4,0.04,0.04,Increasing,"Broome (Binghamton), NY - Tioga, NY","Broome, Tioga"
New York,19,2026-07-25,-0.3681618219102939,4,0.17,0.05,Increasing,"Broome (Binghamton), NY - Tioga, NY","Broome, Tioga"
New York,19,2026-08-01,-0.36873076145536976,4,0.12,0.07,Increasing,"Broome (Binghamton), NY - Tioga, NY","Broome, Tioga"
New York,19,2026-08-08,-1.236224445523577,3,0.09,0.1,Increasing,"Broome (Binghamton), NY - Tioga, NY","Broome, Tioga"
New York,19,2026-08-15,0.3369685557680844,4,0.0,0.18,Increasing,"Broome (Binghamton), NY - Tioga, NY","Broome, Tioga"
New York,19,2026-08-22,-0.3165798620475947,4,0.08,0.34,Increasing,"Broome (Binghamton), NY - Tioga, NY","Broome, Tioga"
New York,21,2025-01-04,-0.492680576977722,2,1.88,1.5,No Change,"Ontario (Geneva), NY - Wayne, NY","Ontario, Seneca, Wayne, Yates"
New York,21,2025-01-11,-0.8790616351212115,5,1.3,1.58,No Change,"Ontario (Geneva), NY - Wayne, NY","Ontario, Seneca, Wayne, Yates"
New York,21,2025-01-18,-0.8949045084585633,5,1.03,1.53,No Change,"Ontario (Geneva), NY - Wayne, NY","Ontario, Seneca, Wayne, Yates"
New York,21,2025-01-25,-1.2615135090683671,5,2.5,1.39,Decreasing,"Ontario (Geneva), NY - Wayne, NY","Ontario, Seneca, Wayne, Yates"
New York,21,2025-02-01,-1.3325208668742219,5,1.24,1.19,Decreasing,"Ontario (Geneva), NY - Wayne, NY","Ontario, Seneca, Wayne, Yates"
New York,21,2025-02-08,-1.2063671060533974,3,0.45,0.99,Decreasing,"Ontario (Geneva), NY - Wayne, NY","Ontario, Seneca, Wayne, Yates"
New York,21,2025-02-15,-1.2615135090683671,5,0.8,0.83,Decreasing,"Ontario (Geneva), NY - Wayne, NY","Ontario, Seneca, Wayne, Yates"
New York,21,2025-02-22,-1.2967756849743142,6,0.88,0.74,No Change,"Ontario (Geneva), NY - Wayne, NY","Ontario, Seneca, Wayne, Yates"
New York,21,2025-03-01,-1.2848131270396113,5,0.39,0.75,No Change,"Ontario (Geneva), NY - Wayne, NY","Ontario, Seneca, Wayne, Yates"
New York,21,2025-03-08,-1.2615135090683671,5,0.68,0.82,No Change,"Ontario (Geneva), NY - Wayne, NY","Ontario, Seneca, Wayne, Yates"
New York,21,2025-03-15,-1.3217563449593583,3,1.03,0.93,Increasing,"Ontario (Geneva), NY - Wayne, NY","Ontario, Seneca, Wayne, Yates"
New York,21,2025-03-22,-1.2973794424667646,4,1.52,1.02,No Change,"Ontario (Geneva), NY - Wayne, NY","Ontario, Seneca, Wayne, Yates"
New York,21,2025-03-29,-1.2973794424667646,4,0.92,1.06,No Change,"Ontario (Geneva), NY - Wayne, NY","Ontario, Seneca, Wayne, Yates"
New York,21,2025-04-05,-1.2973794424667646,4,0.9,1.05,No Change,"Ontario (Geneva), NY - Wayne, NY","Ontario, Seneca, Wayne, Yates"
New York,21,2025-04-12,-1.2973794424667646,4,0.97,0.99,No Change,"Ontario (Geneva), NY - Wayne, NY","Ontario, Seneca, Wayne, Yates"
New York,21,2025-04-19,-1.2973794424667646,4,1.17,0.88,Decreasing,"Ontario (Geneva), NY - Wayne, NY","Ontario, Seneca, Wayne, Yates"
New York,21,2025-04-26,-1.304340280115123,2,0.69,0.74,Decreasing,"Ontario (Geneva), NY - Wayne, NY","Ontario, Seneca, Wayne, Yates"
New York,21,2025-05-03,-1.1843559015132854,2,0.76,0.61,Decreasing,"Ontario (Geneva), NY - Wayne, NY","Ontario, Seneca, Wayne, Yates"
New York,21,2025-05-10,0.3414045928624125,1,0.35,0.49,Decreasing,"Ontario (Geneva), NY - Wayne, NY","Ontario, Seneca, Wayne, Yates"
New York,21,2025-05-17,0.05424131479293474,6,0.2,0.41,Decreasing,"Ontario (Geneva), NY - Wayne, NY","Ontario, Seneca, Wayne, Yates"
New York,21,2025-05-24,0.44320319296431226,5,0.0,0.37,No Change,"Ontario (Geneva), NY - Wayne, NY","Ontario, Seneca, Wayne, Yates"
New York,21,2025-05-31,0.7428795562883721,6,0.66,0.34,No Change,"Ontario (Geneva), NY - Wayne, NY","Ontario, Seneca, Wayne, Yates"
New York,21,2025-06-07,0.248731449145179,6,0.56,0.32,No Change,"Ontario (Geneva), NY - Wayne, NY","Ontario, Seneca, Wayne, Yates"
New York,21,2025-06-14,-0.3966064885076601,6,0.25,0.29,No Change,"Ontario (Geneva), NY - Wayne, NY","Ontario, Seneca, Wayne, Yates"
New York,21,2025-06-21,0.2876240989376214,6,0.32,0.26,No Change,"Ontario (Geneva), NY - Wayne, NY","Ontario, Seneca, Wayne, Yates"
New York,21,2025-06-28,0.6437400446966093,6,0.18,0.23,No Change,"Ontario (Geneva), NY - Wayne, NY","Ontario, Seneca, Wayne, Yates"
New York,21,2025-07-05,0.6232460602814518,4,0.13,0.21,No Change,"Ontario (Geneva), NY - Wayne, NY","Ontario, Seneca, Wayne, Yates"
New York,21,2025-07-12,0.010368065565613316,3,0.24,0.21,No Change,"Ontario (Geneva), NY - Wayne, NY","Ontario, Seneca, Wayne, Yates"
New York,21,2025-07-19,0.23129367376509893,6,0.13,0.22,No Change,"Ontario (Geneva), NY - Wayne, NY","Ontario, Seneca, Wayne, Yates"
New York,21,2025-07-26,-0.28730888071966065,6,0.12,0.24,No Change,"Ontario (Geneva), NY - Wayne, NY","Ontario, Seneca, Wayne, Yates"
New York,21,2025-08-02,0.23987587639036703,4,0.43,0.28,Increasing,"Ontario (Geneva), NY - Wayne, NY","Ontario, Seneca, Wayne, Yates"
New York,21,2025-08-09,0.7492777698504602,4,0.33,0.34,Increasing,"Ontario (Geneva), NY - Wayne, NY","Ontario, Seneca, Wayne, Yates"
New York,21,2025-08-16,0.4942618947753634,6,0.24,0.42,Increasing,"Ontario (Geneva), NY - Wayne, NY","Ontario, Seneca, Wayne, Yates"
New York,21,2025-08-23,0.6002920773351073,6,0.61,0.52,Increasing,"Ontario (Geneva), NY - Wayne, NY","Ontario, Seneca, Wayne, Yates"
New York,21,2025-08-30,0.3631537320222109,5,0.82,0.61,Increasing,"Ontario (Geneva), NY - Wayne, NY","Ontario, Seneca, Wayne, Yates"
New York,21,2025-09-06,0.6717920244563865,6,0.58,0.7,No Change,"Ontario (Geneva), NY - Wayne, NY","Ontario, Seneca, Wayne, Yates"
New York,21,2025-09-13,0.9167495011599622,6,0.66,0.74,No Change,"Ontario (Geneva), NY - Wayne, NY","Ontario, Seneca, Wayne, Yates"
New York,21,2025-09-20,0.9731024799461454,6,1.12,0.73,No Change,"Ontario (Geneva), NY - Wayne, NY","Ontario, Seneca, Wayne, Yates"
New York,21,2025-09-27,0.9127020189755578,6,0.63,0.68,No Change,"Ontario (Geneva), NY - Wayne, NY","Ontario, Seneca, Wayne, Yates"
New York,21,2025-10-04,0.42954722058167805,5,0.52,0.61,No Change,"Ontario (Geneva), NY - Wayne, NY","Ontario, Seneca, Wayne, Yates"
New York,21,2025-10-11,0.38268710252287264,6,0.58,0.53,No Change,"Ontario (Geneva), NY - Wayne, NY","Ontario, Seneca, Wayne, Yates"
New York,21,2025-10-18,-0.1511270416354499,6,0.34,0.49,No Change,"Ontario (Geneva), NY - Wayne, NY","Ontario, Seneca, Wayne, Yates"
New York,21,2025-10-25,0.06224278174715573,6,0.47,0.47,No Change,"Ontario (Geneva), NY - Wayne, NY","Ontario, Seneca, Wayne, Yates"
New York,21,2025-11-01,0.42130819373362494,6,0.29,0.48,No Change,"Ontario (Geneva), NY - Wayne, NY","Ontario, Seneca, Wayne, Yates"
New York,21,2025-11-08,0.34416807811038685,6,0.61,0.52,No Change,"Ontario (Geneva), NY - Wayne, NY","Ontario, Seneca, Wayne, Yates"
New York,21,2025-11-15,0.7585892336530663,3,0.5,0.58,No Change,"Ontario (Geneva), NY - Wayne, NY","Ontario, Seneca, Wayne, Yates"
New York,21,2025-11-22,0.7871513352608787,5,0.73,0.66,Increasing,"Ontario (Geneva), NY - Wayne, NY","Ontario, Seneca, Wayne, Yates"
New York,21,2025-11-29,0.8531912357418944,4,0.83,0.75,No Change,"Ontario (Geneva), NY - Wayne, NY","Ontario, Seneca, Wayne, Yates"
New York,21,2025-12-06,0.921681618089008,5,1.09,0.82,No Change,"Ontario (Geneva), NY - Wayne, NY","Ontario, Seneca, Wayne, Yates"
New York,21,2025-12-13,0.8690830079916698,4,0.55,0.89,No Change,"Ontario (Geneva), NY - Wayne, NY","Ontario, Seneca, Wayne, Yates"
New York,21,2025-12-20,1.0540587442739853,6,0.91,0.96,No Change,"Ontario (Geneva), NY - Wayne, NY","Ontario, Seneca, Wayne, Yates"
New York,21,2025-12-27,0.9801441085030287,5,1.17,1.04,No Change,"Ontario (Geneva), NY - Wayne, NY","Ontario, Seneca, Wayne, Yates"
New York,21,2026-01-03,0.9880068498817203,5,1.26,1.13,No Change,"Ontario (Geneva), NY - Wayne, NY","Ontario, Seneca, Wayne, Yates"
New York,21,2026-01-10,0.9529197460077243,5,1.04,1.22,No Change,"Ontario (Geneva), NY - Wayne, NY","Ontario, Seneca, Wayne, Yates"
New York,21,2026-01-17,0.5227925628616666,6,0.98,1.31,No Change,"Ontario (Geneva), NY - Wayne, NY","Ontario, Seneca, Wayne, Yates"
New York,21,2026-01-24,0.9088486159093453,5,1.64,1.35,No Change,"Ontario (Geneva), NY - Wayne, NY","Ontario, Seneca, Wayne, Yates"
New York,21,2026-01-31,0.7303521305370022,4,1.82,1.31,No Change,"Ontario (Geneva), NY - Wayne, NY","Ontario, Seneca, Wayne, Yates"
New York,21,2026-02-07,0.9645017414592467,6,1.04,1.19,No Change,"Ontario (Geneva), NY - Wayne, NY","Ontario, Seneca, Wayne, Yates"
New York,21,2026-02-14,0.6644419511753422,6,0.93,1.06,No Change,"Ontario (Geneva), NY - Wayne, NY","Ontario, Seneca, Wayne, Yates"
New York,21,2026-02-21,0.7673252547817432,6,1.1,0.98,No Change,"Ontario (Geneva), NY - Wayne, NY","Ontario, Seneca, Wayne, Yates"
New York,21,2026-02-28,1.000515587781955,6,0.41,0.94,No Change,"Ontario (Geneva), NY - Wayne, NY","Ontario, Seneca, Wayne, Yates"
New York,21,2026-03-07,0.8499023710702205,6,0.8,0.92,No Change,"Ontario (Geneva), NY - Wayne, NY","Ontario, Seneca, Wayne, Yates"
New York,21,2026-03-14,-0.19054694527393018,5,1.21,0.88,No Change,"Ontario (Geneva), NY - Wayne, NY","Ontario, Seneca, Wayne, Yates"
New York,21,2026-03-21,0.396300220698439,6,1.04,0.78,Decreasing,"Ontario (Geneva), NY - Wayne, NY","Ontario, Seneca, Wayne, Yates"
New York,21,2026-03-28,0.7549896045063711,5,0.54,0.64,Decreasing,"Ontario (Geneva), NY - Wayne, NY","Ontario, Seneca, Wayne, Yates"
New York,21,2026-04-04,0.21689254838707028,5,0.91,0.48,Decreasing,"Ontario (Geneva), NY - Wayne, NY","Ontario, Seneca, Wayne, Yates"
New York,21,2026-04-11,0.30206524688000197,6,0.14,0.32,Decreasing,"Ontario (Geneva), NY - Wayne, NY","Ontario, Seneca, Wayne, Yates"
New York,21,2026-04-18,0.5975084250981381,6,0.07,0.21,Decreasing,"Ontario (Geneva), NY - Wayne, NY","Ontario, Seneca, Wayne, Yates"
New York,21,2026-04-25,-0.6868922805702852,6,0.0,0.14,Decreasing,"Ontario (Geneva), NY - Wayne, NY","Ontario, Seneca, Wayne, Yates"
New York,21,2026-05-02,-0.11878613405934846,6,0.07,0.1,Decreasing,"Ontario (Geneva), NY - Wayne, NY","Ontario, Seneca, Wayne, Yates"
New York,21,2026-05-09,-0.08886810603938354,6,0.13,0.07,Decreasing,"Ontario (Geneva), NY - Wayne, NY","Ontario, Seneca, Wayne, Yates"
New York,21,2026-05-16,-0.5145981379914225,5,0.14,0.05,Decreasing,"Ontario (Geneva), NY - Wayne, NY","Ontario, Seneca, Wayne, Yates"
New York,21,2026-05-23,-0.9290738927410201,5,0.0,0.04,Decreasing,"Ontario (Geneva), NY - Wayne, NY","Ontario, Seneca, Wayne, Yates"
New York,21,2026-05-30,-0.6995712897588847,6,0.07,0.03,No Change,"Ontario (Geneva), NY - Wayne, NY","Ontario, Seneca, Wayne, Yates"
New York,21,2026-06-06,-1.270829702588213,4,0.0,0.03,No Change,"Ontario (Geneva), NY - Wayne, NY","Ontario, Seneca, Wayne, Yates"
New York,21,2026-06-13,-0.6303803568655746,6,0.0,0.03,No Change,"Ontario (Geneva), NY - Wayne, NY","Ontario, Seneca, Wayne, Yates"
New York,21,2026-06-20,-0.41365341605121175,6,0.0,0.03,No Change,"Ontario (Geneva), NY - Wayne, NY","Ontario, Seneca, Wayne, Yates"
New York,21,2026-06-27,-0.9666871045395826,6,0.0,0.03,No Change,"Ontario (Geneva), NY - Wayne, NY","Ontario, Seneca, Wayne, Yates"
New York,21,2026-07-04,-1.007669921751262,6,0.0,0.04,No Change,"Ontario (Geneva), NY - Wayne, NY","Ontario, Seneca, Wayne, Yates"
New York,21,2026-07-11,-0.8125999343637107,4,0.06,0.05,Increasing,"Ontario (Geneva), NY - Wayne, NY","Ontario, Seneca, Wayne, Yates"
New York,21,2026-07-18,-0.7068598329735583,6,0.2,0.06,Increasing,"Ontario (Geneva), NY - Wayne, NY","Ontario, Seneca, Wayne, Yates"
New York,21,2026-07-25,-0.7245490473469753,6,0.19,0.08,Increasing,"Ontario (Geneva), NY - Wayne, NY","Ontario, Seneca, Wayne, Yates"
New York,21,2026-08-01,0.18992661194055196,6,0.0,0.11,Increasing,"Ontario (Geneva), NY - Wayne, NY","Ontario, Seneca, Wayne, Yates"
New York,21,2026-08-08,-0.9246015370630947,5,0.19,0.17,Increasing,"Ontario (Geneva), NY - Wayne, NY","Ontario, Seneca, Wayne, Yates"
New York,21,2026-08-15,-0.11365355567771604,5,0.13,0.31,Increasing,"Ontario (Geneva), NY - Wayne, NY","Ontario, Seneca, Wayne, Yates"
New York,21,2026-08-22,0.3400829449334674,5,0.07,0.58,Increasing,"Ontario (Geneva), NY - Wayne, NY","Ontario, Seneca, Wayne, Yates"
New York,35,2025-01-04,-1.0562904762347458,1,2.65,1.95,Increasing,"Cattaraugus, NY - Allegany, NY","Allegany, Cattaraugus"
New York,35,2025-01-11,-1.0562904762347458,1,1.95,2.17,No Change,"Cattaraugus, NY - Allegany, NY","Allegany, Cattaraugus"
New York,35,2025-01-18,-1.0562904762347458,1,2.06,2.14,No Change,"Cattaraugus, NY - Allegany, NY","Allegany, Cattaraugus"
New York,35,2025-01-25,-1.0562904762347458,1,2.44,1.94,Decreasing,"Cattaraugus, NY - Allegany, NY","Allegany, Cattaraugus"
New York,35,2025-02-01,-1.0562904762347458,1,1.74,1.69,Decreasing,"Cattaraugus, NY - Allegany, NY","Allegany, Cattaraugus"
New York,35,2025-02-08,-1.0562904762347458,1,0.84,1.48,Decreasing,"Cattaraugus, NY - Allegany, NY","Allegany, Cattaraugus"
New York,35,2025-02-15,-1.0562904762347458,1,1.13,1.31,No Change,"Cattaraugus, NY - Allegany, NY","Allegany, Cattaraugus"
New York,35,2025-02-22,-1.0562904762347458,1,1.32,1.18,No Change,"Cattaraugus, NY - Allegany, NY","Allegany, Cattaraugus"
New York,35,2025-03-01,-1.0562904762347458,1,0.87,1.07,No Change,"Cattaraugus, NY - Allegany, NY","Allegany, Cattaraugus"
New York,35,2025-03-08,-1.0562904762347458,1,1.48,0.96,No Change,"Cattaraugus, NY - Allegany, NY","Allegany, Cattaraugus"
New York,35,2025-03-15,-1.0562904762347458,1,1.25,0.86,Decreasing,"Cattaraugus, NY - Allegany, NY","Allegany, Cattaraugus"
New York,35,2025-03-22,-1.0562904762347458,1,0.25,0.74,Decreasing,"Cattaraugus, NY - Allegany, NY","Allegany, Cattaraugus"
New York,35,2025-03-29,-1.0562904762347458,1,0.75,0.63,Decreasing,"Cattaraugus, NY - Allegany, NY","Allegany, Cattaraugus"
New York,35,2025-04-12,-1.0562904762347458,1,0.28,0.5,No Change,"Cattaraugus, NY - Allegany, NY","Allegany, Cattaraugus"
New York,35,2025-04-19,-1.0562904762347458,1,0.54,0.47,No Change,"Cattaraugus, NY - Allegany, NY","Allegany, Cattaraugus"
New York,35,2025-05-10,-1.0562904762347458,1,0.12,0.29,Decreasing,"Cattaraugus, NY - Allegany, NY","Allegany, Cattaraugus"
New York,35,2025-05-17,-1.0562904762347458,1,0.0,0.23,Decreasing,"Cattaraugus, NY - Allegany, NY","Allegany, Cattaraugus"
New York,35,2025-06-07,0.6835988381645025,1,0.13,0.15,No Change,"Cattaraugus, NY - Allegany, NY","Allegany, Cattaraugus"
New York,35,2025-06-14,-0.04360597342834843,1,0.12,0.15,No Change,"Cattaraugus, NY - Allegany, NY","Allegany, Cattaraugus"
New York,35,2025-06-21,-1.0562904762347458,1,0.12,0.15,No Change,"Cattaraugus, NY - Allegany, NY","Allegany, Cattaraugus"
New York,35,2025-06-28,-0.1137871012743048,1,0.25,0.15,No Change,"Cattaraugus, NY - Allegany, NY","Allegany, Cattaraugus"
New York,35,2025-07-05,0.7561575559253193,1,0.12,0.17,No Change,"Cattaraugus, NY - Allegany, NY","Allegany, Cattaraugus"
New York,35,2025-07-12,0.6835988381645025,1,0.24,0.18,No Change,"Cattaraugus, NY - Allegany, NY","Allegany, Cattaraugus"
New York,35,2025-07-19,-1.0562904762347458,1,0.11,0.2,No Change,"Cattaraugus, NY - Allegany, NY","Allegany, Cattaraugus"
New York,35,2025-07-26,0.04822543304353133,1,0.12,0.24,No Change,"Cattaraugus, NY - Allegany, NY","Allegany, Cattaraugus"
New York,35,2025-08-02,1.0447828735112117,1,0.24,0.28,No Change,"Cattaraugus, NY - Allegany, NY","Allegany, Cattaraugus"
New York,35,2025-08-09,0.826333874379299,1,0.65,0.32,No Change,"Cattaraugus, NY - Allegany, NY","Allegany, Cattaraugus"
New York,35,2025-08-16,0.8953307551322494,1,0.25,0.36,No Change,"Cattaraugus, NY - Allegany, NY","Allegany, Cattaraugus"
New York,35,2025-08-23,1.047211682911677,1,0.72,0.4,No Change,"Cattaraugus, NY - Allegany, NY","Allegany, Cattaraugus"
New York,35,2025-08-30,0.8977131544390866,1,0.25,0.43,No Change,"Cattaraugus, NY - Allegany, NY","Allegany, Cattaraugus"
New York,35,2025-09-06,1.2386007463283624,1,0.13,0.47,No Change,"Cattaraugus, NY - Allegany, NY","Allegany, Cattaraugus"
New York,35,2025-09-13,1.1862727893862972,1,0.51,0.51,No Change,"Cattaraugus, NY - Allegany, NY","Allegany, Cattaraugus"
New York,35,2025-09-20,1.0114206413249673,1,0.73,0.56,No Change,"Cattaraugus, NY - Allegany, NY","Allegany, Cattaraugus"
New York,35,2025-09-27,0.07482767661139389,1,0.71,0.6,No Change,"Cattaraugus, NY - Allegany, NY","Allegany, Cattaraugus"
New York,35,2025-10-04,1.0916667861046356,1,0.5,0.63,No Change,"Cattaraugus, NY - Allegany, NY","Allegany, Cattaraugus"
New York,35,2025-10-11,0.6737200672914857,1,0.8,0.64,No Change,"Cattaraugus, NY - Allegany, NY","Allegany, Cattaraugus"
New York,35,2025-10-18,0.6737200672914857,1,0.49,0.63,No Change,"Cattaraugus, NY - Allegany, NY","Allegany, Cattaraugus"
New York,35,2025-10-25,0.8036852349065791,1,1.03,0.6,No Change,"Cattaraugus, NY - Allegany, NY","Allegany, Cattaraugus"
New York,35,2025-11-01,-1.0562904762347458,1,0.39,0.58,No Change,"Cattaraugus, NY - Allegany, NY","Allegany, Cattaraugus"
New York,35,2025-11-08,0.819071861843062,1,0.25,0.57,No Change,"Cattaraugus, NY - Allegany, NY","Allegany, Cattaraugus"
New York,35,2025-11-22,0.6737200672914857,1,0.92,0.62,No Change,"Cattaraugus, NY - Allegany, NY","Allegany, Cattaraugus"
New York,35,2025-11-29,1.2783225154657731,1,0.85,0.67,No Change,"Cattaraugus, NY - Allegany, NY","Allegany, Cattaraugus"
New York,35,2025-12-06,1.039889361865948,1,0.5,0.74,No Change,"Cattaraugus, NY - Allegany, NY","Allegany, Cattaraugus"
New York,35,2025-12-13,0.8089450804275834,1,0.54,0.82,No Change,"Cattaraugus, NY - Allegany, NY","Allegany, Cattaraugus"
New York,35,2025-12-20,1.1777522546102248,1,0.81,0.92,No Change,"Cattaraugus, NY - Allegany, NY","Allegany, Cattaraugus"
New York,35,2025-12-27,0.8961772106914564,1,1.3,1.03,No Change,"Cattaraugus, NY - Allegany, NY","Allegany, Cattaraugus"
New York,35,2026-01-03,1.2376844982503683,1,1.89,1.13,No Change,"Cattaraugus, NY - Allegany, NY","Allegany, Cattaraugus"
New York,35,2026-01-10,1.1969771196628816,1,0.87,1.21,No Change,"Cattaraugus, NY - Allegany, NY","Allegany, Cattaraugus"
New York,35,2026-01-17,0.8995243964412292,1,0.97,1.26,No Change,"Cattaraugus, NY - Allegany, NY","Allegany, Cattaraugus"
New York,35,2026-01-24,1.001635861509381,1,0.69,1.29,No Change,"Cattaraugus, NY - Allegany, NY","Allegany, Cattaraugus"
New York,35,2026-01-31,1.0036310046685737,1,1.92,1.29,No Change,"Cattaraugus, NY - Allegany, NY","Allegany, Cattaraugus"
New York,35,2026-02-07,1.0036310046685737,1,1.47,1.26,No Change,"Cattaraugus, NY - Allegany, NY","Allegany, Cattaraugus"
New York,35,2026-02-14,0.8995243964412292,1,1.03,1.19,No Change,"Cattaraugus, NY - Allegany, NY","Allegany, Cattaraugus"
New York,35,2026-02-21,1.0922525271866683,1,1.3,1.06,Decreasing,"Cattaraugus, NY - Allegany, NY","Allegany, Cattaraugus"
New York,35,2026-02-28,0.8995243964412292,1,0.9,0.9,Decreasing,"Cattaraugus, NY - Allegany, NY","Allegany, Cattaraugus"
New York,35,2026-03-07,1.194671475991397,1,0.67,0.75,Decreasing,"Cattaraugus, NY - Allegany, NY","Allegany, Cattaraugus"
New York,35,2026-03-14,0.819071861843062,1,0.47,0.64,Decreasing,"Cattaraugus, NY - Allegany, NY","Allegany, Cattaraugus"
New York,35,2026-03-21,0.902817157439068,1,0.13,0.56,No Change,"Cattaraugus, NY - Allegany, NY","Allegany, Cattaraugus"
New York,35,2026-03-28,0.6737200672914857,1,0.66,0.49,No Change,"Cattaraugus, NY - Allegany, NY","Allegany, Cattaraugus"
New York,35,2026-04-04,0.6737200672914857,1,0.37,0.41,Decreasing,"Cattaraugus, NY - Allegany, NY","Allegany, Cattaraugus"
New York,35,2026-04-11,0.8089450804275834,1,0.79,0.33,Decreasing,"Cattaraugus, NY - Allegany, NY","Allegany, Cattaraugus"
New York,35,2026-04-18,0.8995243964412292,1,0.44,0.25,Decreasing,"Cattaraugus, NY - Allegany, NY","Allegany, Cattaraugus"
New York,35,2026-04-25,-1.0562904762347458,1,0.13,0.18,Decreasing,"Cattaraugus, NY - Allegany, NY","Allegany, Cattaraugus"
New York,35,2026-05-02,0.6737200672914857,1,0.0,0.12,Decreasing,"Cattaraugus, NY - Allegany, NY","Allegany, Cattaraugus"
New York,35,2026-05-09,0.6737200672914857,1,0.0,0.08,Decreasing,"Cattaraugus, NY - Allegany, NY","Allegany, Cattaraugus"
New York,35,2026-05-16,-1.0562904762347458,1,0.13,0.05,Decreasing,"Cattaraugus, NY - Allegany, NY","Allegany, Cattaraugus"
New York,35,2026-05-23,-1.0562904762347458,1,0.0,0.03,Decreasing,"Cattaraugus, NY - Allegany, NY","Allegany, Cattaraugus"
New York,35,2026-05-30,-1.0562904762347458,1,0.0,0.02,Decreasing,"Cattaraugus, NY - Allegany, NY","Allegany, Cattaraugus"
New York,35,2026-06-06,-1.0562904762347458,1,0.0,0.02,Decreasing,"Cattaraugus, NY - Allegany, NY","Allegany, Cattaraugus"
New York,35,2026-06-13,-1.0562904762347458,1,0.0,0.02,No Change,"Cattaraugus, NY - Allegany, NY","Allegany, Cattaraugus"
New York,35,2026-06-20,-1.0562904762347458,1,0.0,0.01,No Change,"Cattaraugus, NY - Allegany, NY","Allegany, Cattaraugus"
New York,35,2026-06-27,-1.0562904762347458,1,0.0,0.01,No Change,"Cattaraugus, NY - Allegany, NY","Allegany, Cattaraugus"
New York,35,2026-07-04,0.6835988381645025,1,0.0,0.01,No Change,"Cattaraugus, NY - Allegany, NY","Allegany, Cattaraugus"
New York,35,2026-07-11,-1.0562904762347458,1,0.0,0.02,No Change,"Cattaraugus, NY - Allegany, NY","Allegany, Cattaraugus"
New York,35,2026-07-18,-1.0562904762347458,1,0.0,0.02,Increasing,"Cattaraugus, NY - Allegany, NY","Allegany, Cattaraugus"
New York,35,2026-07-25,-1.0562904762347458,1,0.0,0.03,Increasing,"Cattaraugus, NY - Allegany, NY","Allegany, Cattaraugus"
New York,35,2026-08-01,-1.0562904762347458,1,0.0,0.04,Increasing,"Cattaraugus, NY - Allegany, NY","Allegany, Cattaraugus"
New York,35,2026-08-08,-1.0562904762347458,1,0.0,0.08,Increasing,"Cattaraugus, NY - Allegany, NY","Allegany, Cattaraugus"
New York,35,2026-08-15,0.906057235156313,1,0.0,0.15,Increasing,"Cattaraugus, NY - Allegany, NY","Allegany, Cattaraugus"
New York,35,2026-08-22,-1.0562904762347458,1,0.0,0.31,Increasing,"Cattaraugus, NY - Allegany, NY","Allegany, Cattaraugus"
New York,41,2025-01-04,-1.4585569001112204,7,1.83,1.55,No Change,"Westchester (Yonkers), NY - Dutchess, NY","Dutchess, Putnam, Ulster, Westchester"
New York,41,2025-01-11,-1.4737745340763706,13,1.53,1.6,No Change,"Westchester (Yonkers), NY - Dutchess, NY","Dutchess, Putnam, Ulster, Westchester"
New York,41,2025-01-18,-1.406740670377593,13,1.38,1.59,No Change,"Westchester (Yonkers), NY - Dutchess, NY","Dutchess, Putnam, Ulster, Westchester"
New York,41,2025-01-25,-1.3479583666491126,14,1.58,1.54,No Change,"Westchester (Yonkers), NY - Dutchess, NY","Dutchess, Putnam, Ulster, Westchester"
New York,41,2025-02-01,-1.619457129679406,11,1.5,1.46,Decreasing,"Westchester (Yonkers), NY - Dutchess, NY","Dutchess, Putnam, Ulster, Westchester"
New York,41,2025-02-08,-1.635463706395972,13,1.37,1.37,Decreasing,"Westchester (Yonkers), NY - Dutchess, NY","Dutchess, Putnam, Ulster, Westchester"
New York,41,2025-02-15,-1.4391654605588673,11,1.36,1.28,Decreasing,"Westchester (Yonkers), NY - Dutchess, NY","Dutchess, Putnam, Ulster, Westchester"
New York,41,2025-02-22,-1.5819271495460259,12,1.23,1.22,No Change,"Westchester (Yonkers), NY - Dutchess, NY","Dutchess, Putnam, Ulster, Westchester"
New York,41,2025-03-01,-1.5311635054665806,12,1.14,1.22,No Change,"Westchester (Yonkers), NY - Dutchess, NY","Dutchess, Putnam, Ulster, Westchester"
New York,41,2025-03-08,-1.6066046200277215,12,1.15,1.25,No Change,"Westchester (Yonkers), NY - Dutchess, NY","Dutchess, Putnam, Ulster, Westchester"
New York,41,2025-03-15,-1.6066046200277215,12,1.37,1.31,Increasing,"Westchester (Yonkers), NY - Dutchess, NY","Dutchess, Putnam, Ulster, Westchester"
New York,41,2025-03-22,-1.6129367320668042,13,1.41,1.36,No Change,"Westchester (Yonkers), NY - Dutchess, NY","Dutchess, Putnam, Ulster, Westchester"
New York,41,2025-03-29,-1.5722003380015013,11,1.46,1.37,No Change,"Westchester (Yonkers), NY - Dutchess, NY","Dutchess, Putnam, Ulster, Westchester"
New York,41,2025-04-05,-1.6066046200277215,12,1.13,1.31,Decreasing,"Westchester (Yonkers), NY - Dutchess, NY","Dutchess, Putnam, Ulster, Westchester"
New York,41,2025-04-12,-1.6333762382736152,12,1.26,1.17,Decreasing,"Westchester (Yonkers), NY - Dutchess, NY","Dutchess, Putnam, Ulster, Westchester"
New York,41,2025-04-19,-1.619457129679406,11,1.01,0.99,Decreasing,"Westchester (Yonkers), NY - Dutchess, NY","Dutchess, Putnam, Ulster, Westchester"
New York,41,2025-04-26,-1.5777062318310469,9,0.93,0.82,Decreasing,"Westchester (Yonkers), NY - Dutchess, NY","Dutchess, Putnam, Ulster, Westchester"
New York,41,2025-05-03,-1.5246456680437892,8,0.59,0.68,Decreasing,"Westchester (Yonkers), NY - Dutchess, NY","Dutchess, Putnam, Ulster, Westchester"
New York,41,2025-05-10,-1.6066046200277215,12,0.44,0.58,Decreasing,"Westchester (Yonkers), NY - Dutchess, NY","Dutchess, Putnam, Ulster, Westchester"
New York,41,2025-05-17,-1.6328361885402447,12,0.6,0.51,Decreasing,"Westchester (Yonkers), NY - Dutchess, NY","Dutchess, Putnam, Ulster, Westchester"
New York,41,2025-05-24,-1.5828976704157325,10,0.48,0.47,No Change,"Westchester (Yonkers), NY - Dutchess, NY","Dutchess, Putnam, Ulster, Westchester"
New York,41,2025-05-31,-1.3674129015397178,4,0.44,0.45,No Change,"Westchester (Yonkers), NY - Dutchess, NY","Dutchess, Putnam, Ulster, Westchester"
New York,41,2025-06-07,0.5639240268322375,12,0.48,0.44,No Change,"Westchester (Yonkers), NY - Dutchess, NY","Dutchess, Putnam, Ulster, Westchester"
New York,41,2025-06-14,0.3970053304096461,13,0.34,0.43,No Change,"Westchester (Yonkers), NY - Dutchess, NY","Dutchess, Putnam, Ulster, Westchester"
New York,41,2025-06-21,0.29479448369074024,13,0.47,0.42,No Change,"Westchester (Yonkers), NY - Dutchess, NY","Dutchess, Putnam, Ulster, Westchester"
New York,41,2025-06-28,0.3034696765283375,13,0.44,0.42,No Change,"Westchester (Yonkers), NY - Dutchess, NY","Dutchess, Putnam, Ulster, Westchester"
New York,41,2025-07-05,0.5628786191129008,13,0.46,0.44,Increasing,"Westchester (Yonkers), NY - Dutchess, NY","Dutchess, Putnam, Ulster, Westchester"
New York,41,2025-07-12,0.49464497977233207,13,0.4,0.48,Increasing,"Westchester (Yonkers), NY - Dutchess, NY","Dutchess, Putnam, Ulster, Westchester"
New York,41,2025-07-19,0.49855450675123425,13,0.48,0.54,Increasing,"Westchester (Yonkers), NY - Dutchess, NY","Dutchess, Putnam, Ulster, Westchester"
New York,41,2025-07-26,0.5063082122562685,12,0.68,0.61,Increasing,"Westchester (Yonkers), NY - Dutchess, NY","Dutchess, Putnam, Ulster, Westchester"
New York,41,2025-08-02,0.7433532391001114,13,0.79,0.7,Increasing,"Westchester (Yonkers), NY - Dutchess, NY","Dutchess, Putnam, Ulster, Westchester"
New York,41,2025-08-09,0.7353365209995573,13,0.79,0.8,Increasing,"Westchester (Yonkers), NY - Dutchess, NY","Dutchess, Putnam, Ulster, Westchester"
New York,41,2025-08-16,0.7010790499964246,13,0.84,0.91,Increasing,"Westchester (Yonkers), NY - Dutchess, NY","Dutchess, Putnam, Ulster, Westchester"
New York,41,2025-08-23,0.7467221150677699,13,1.01,1.05,Increasing,"Westchester (Yonkers), NY - Dutchess, NY","Dutchess, Putnam, Ulster, Westchester"
New York,41,2025-08-30,0.8326732096627141,12,1.18,1.19,Increasing,"Westchester (Yonkers), NY - Dutchess, NY","Dutchess, Putnam, Ulster, Westchester"
New York,41,2025-09-06,0.8335152814740477,12,1.44,1.32,Increasing,"Westchester (Yonkers), NY - Dutchess, NY","Dutchess, Putnam, Ulster, Westchester"
New York,41,2025-09-13,0.880356881412641,13,1.21,1.4,No Change,"Westchester (Yonkers), NY - Dutchess, NY","Dutchess, Putnam, Ulster, Westchester"
New York,41,2025-09-20,1.0045676299023658,13,1.54,1.33,Decreasing,"Westchester (Yonkers), NY - Dutchess, NY","Dutchess, Putnam, Ulster, Westchester"
New York,41,2025-09-27,0.8874210155521418,13,1.08,1.1,Decreasing,"Westchester (Yonkers), NY - Dutchess, NY","Dutchess, Putnam, Ulster, Westchester"
New York,41,2025-10-04,0.7587996500726667,12,0.78,0.81,Decreasing,"Westchester (Yonkers), NY - Dutchess, NY","Dutchess, Putnam, Ulster, Westchester"
New York,41,2025-10-11,0.5063841736948589,14,0.56,0.58,Decreasing,"Westchester (Yonkers), NY - Dutchess, NY","Dutchess, Putnam, Ulster, Westchester"
New York,41,2025-10-18,0.38498283627762653,13,0.39,0.46,Decreasing,"Westchester (Yonkers), NY - Dutchess, NY","Dutchess, Putnam, Ulster, Westchester"
New York,41,2025-10-25,0.5543560455312913,14,0.47,0.41,No Change,"Westchester (Yonkers), NY - Dutchess, NY","Dutchess, Putnam, Ulster, Westchester"
New York,41,2025-11-01,0.45737141792460484,14,0.37,0.39,No Change,"Westchester (Yonkers), NY - Dutchess, NY","Dutchess, Putnam, Ulster, Westchester"
New York,41,2025-11-08,0.4432704169663148,13,0.35,0.38,No Change,"Westchester (Yonkers), NY - Dutchess, NY","Dutchess, Putnam, Ulster, Westchester"
New York,41,2025-11-15,0.6575278084189495,14,0.44,0.37,No Change,"Westchester (Yonkers), NY - Dutchess, NY","Dutchess, Putnam, Ulster, Westchester"
New York,41,2025-11-22,0.6530355945593971,13,0.39,0.38,No Change,"Westchester (Yonkers), NY - Dutchess, NY","Dutchess, Putnam, Ulster, Westchester"
New York,41,2025-11-29,0.639627064340186,11,0.37,0.4,Increasing,"Westchester (Yonkers), NY - Dutchess, NY","Dutchess, Putnam, Ulster, Westchester"
New York,41,2025-12-06,0.6294739755188941,14,0.4,0.44,Increasing,"Westchester (Yonkers), NY - Dutchess, NY","Dutchess, Putnam, Ulster, Westchester"
New York,41,2025-12-13,0.49604866136420084,14,0.49,0.5,Increasing,"Westchester (Yonkers), NY - Dutchess, NY","Dutchess, Putnam, Ulster, Westchester"
New York,41,2025-12-20,0.7745770068843931,13,0.58,0.58,Increasing,"Westchester (Yonkers), NY - Dutchess, NY","Dutchess, Putnam, Ulster, Westchester"
New York,41,2025-12-27,0.6733602392766619,12,0.69,0.66,Increasing,"Westchester (Yonkers), NY - Dutchess, NY","Dutchess, Putnam, Ulster, Westchester"
New York,41,2026-01-03,0.7076918946621432,11,0.77,0.73,No Change,"Westchester (Yonkers), NY - Dutchess, NY","Dutchess, Putnam, Ulster, Westchester"
New York,41,2026-01-10,0.726844948923493,14,0.69,0.74,No Change,"Westchester (Yonkers), NY - Dutchess, NY","Dutchess, Putnam, Ulster, Westchester"
New York,41,2026-01-17,0.7127799520028946,14,0.72,0.69,Decreasing,"Westchester (Yonkers), NY - Dutchess, NY","Dutchess, Putnam, Ulster, Westchester"
New York,41,2026-01-24,0.6038328711405841,13,0.65,0.63,Decreasing,"Westchester (Yonkers), NY - Dutchess, NY","Dutchess, Putnam, Ulster, Westchester"
New York,41,2026-01-31,0.6505781972484541,13,0.53,0.59,No Change,"Westchester (Yonkers), NY - Dutchess, NY","Dutchess, Putnam, Ulster, Westchester"
New York,41,2026-02-07,0.7046131969190202,12,0.59,0.58,No Change,"Westchester (Yonkers), NY - Dutchess, NY","Dutchess, Putnam, Ulster, Westchester"
New York,41,2026-02-14,0.7158827465032025,13,0.52,0.58,No Change,"Westchester (Yonkers), NY - Dutchess, NY","Dutchess, Putnam, Ulster, Westchester"
New York,41,2026-02-21,0.6782533230039626,12,0.65,0.58,No Change,"Westchester (Yonkers), NY - Dutchess, NY","Dutchess, Putnam, Ulster, Westchester"
New York,41,2026-02-28,0.6452894295194899,12,0.64,0.57,No Change,"Westchester (Yonkers), NY - Dutchess, NY","Dutchess, Putnam, Ulster, Westchester"
New York,41,2026-03-07,0.5483863108896677,12,0.5,0.57,No Change,"Westchester (Yonkers), NY - Dutchess, NY","Dutchess, Putnam, Ulster, Westchester"
New York,41,2026-03-14,0.5222800984254325,12,0.57,0.59,Increasing,"Westchester (Yonkers), NY - Dutchess, NY","Dutchess, Putnam, Ulster, Westchester"
New York,41,2026-03-21,0.6100929162290819,12,0.58,0.63,No Change,"Westchester (Yonkers), NY - Dutchess, NY","Dutchess, Putnam, Ulster, Westchester"
New York,41,2026-03-28,0.6446136711078805,12,0.73,0.66,No Change,"Westchester (Yonkers), NY - Dutchess, NY","Dutchess, Putnam, Ulster, Westchester"
New York,41,2026-04-04,0.6463709001681518,11,0.67,0.62,Decreasing,"Westchester (Yonkers), NY - Dutchess, NY","Dutchess, Putnam, Ulster, Westchester"
New York,41,2026-04-11,0.6568822603436715,13,0.55,0.52,Decreasing,"Westchester (Yonkers), NY - Dutchess, NY","Dutchess, Putnam, Ulster, Westchester"
New York,41,2026-04-18,0.45674430424943857,13,0.37,0.4,Decreasing,"Westchester (Yonkers), NY - Dutchess, NY","Dutchess, Putnam, Ulster, Westchester"
New York,41,2026-04-25,0.15107253352979239,12,0.27,0.32,Decreasing,"Westchester (Yonkers), NY - Dutchess, NY","Dutchess, Putnam, Ulster, Westchester"
New York,41,2026-05-02,0.05835671184836474,12,0.23,0.27,Decreasing,"Westchester (Yonkers), NY - Dutchess, NY","Dutchess, Putnam, Ulster, Westchester"
New York,41,2026-05-09,0.22963519034984653,13,0.3,0.23,Decreasing,"Westchester (Yonkers), NY - Dutchess, NY","Dutchess, Putnam, Ulster, Westchester"
New York,41,2026-05-16,0.15477162166510616,13,0.21,0.19,Decreasing,"Westchester (Yonkers), NY - Dutchess, NY","Dutchess, Putnam, Ulster, Westchester"
New York,41,2026-05-23,0.11923432792841128,13,0.14,0.16,Decreasing,"Westchester (Yonkers), NY - Dutchess, NY","Dutchess, Putnam, Ulster, Westchester"
New York,41,2026-05-30,-0.41207125578576326,12,0.15,0.14,Decreasing,"Westchester (Yonkers), NY - Dutchess, NY","Dutchess, Putnam, Ulster, Westchester"
New York,41,2026-06-06,-0.37116984755533916,13,0.1,0.12,Decreasing,"Westchester (Yonkers), NY - Dutchess, NY","Dutchess, Putnam, Ulster, Westchester"
New York,41,2026-06-13,-0.7618645121504203,12,0.12,0.11,No Change,"Westchester (Yonkers), NY - Dutchess, NY","Dutchess, Putnam, Ulster, Westchester"
New York,41,2026-06-20,-0.8660683473099903,13,0.1,0.11,No Change,"Westchester (Yonkers), NY - Dutchess, NY","Dutchess, Putnam, Ulster, Westchester"
New York,41,2026-06-27,-0.3588451705017523,14,0.11,0.12,Increasing,"Westchester (Yonkers), NY - Dutchess, NY","Dutchess, Putnam, Ulster, Westchester"
New York,41,2026-07-04,-0.06223430547291563,14,0.16,0.14,Increasing,"Westchester (Yonkers), NY - Dutchess, NY","Dutchess, Putnam, Ulster, Westchester"
New York,41,2026-07-11,-0.311739879207957,14,0.16,0.15,No Change,"Westchester (Yonkers), NY - Dutchess, NY","Dutchess, Putnam, Ulster, Westchester"
New York,41,2026-07-18,-0.21442433325453808,14,0.14,0.16,No Change,"Westchester (Yonkers), NY - Dutchess, NY","Dutchess, Putnam, Ulster, Westchester"
New York,41,2026-07-25,0.25319676622345316,13,0.2,0.15,No Change,"Westchester (Yonkers), NY - Dutchess, NY","Dutchess, Putnam, Ulster, Westchester"
New York,41,2026-08-01,0.05368907286306653,12,0.23,0.15,No Change,"Westchester (Yonkers), NY - Dutchess, NY","Dutchess, Putnam, Ulster, Westchester"
New York,41,2026-08-08,0.39898708079869016,13,0.25,0.19,Increasing,"Westchester (Yonkers), NY - Dutchess, NY","Dutchess, Putnam, Ulster, Westchester"
New York,41,2026-08-15,0.41610285696395627,14,0.25,0.3,Increasing,"Westchester (Yonkers), NY - Dutchess, NY","Dutchess, Putnam, Ulster, Westchester"
New York,41,2026-08-22,0.39791125804422656,13,0.34,0.58,Increasing,"Westchester (Yonkers), NY - Dutchess, NY","Dutchess, Putnam, Ulster, Westchester"
New York,54,2025-01-04,0.4689068920916879,8,1.81,1.61,Increasing,"Erie (Buffalo), NY - Monroe, NY","Erie, Genesee, Livingston, Monroe, Niagara, Orleans, Wyoming"
New York,54,2025-01-11,0.27102232139199267,23,1.65,1.7,No Change,"Erie (Buffalo), NY - Monroe, NY","Erie, Genesee, Livingston, Monroe, Niagara, Orleans, Wyoming"
New York,54,2025-01-18,-0.2130187602364854,18,1.51,1.69,No Change,"Erie (Buffalo), NY - Monroe, NY","Erie, Genesee, Livingston, Monroe, Niagara, Orleans, Wyoming"
New York,54,2025-01-25,0.022349350477624378,21,1.65,1.59,Decreasing,"Erie (Buffalo), NY - Monroe, NY","Erie, Genesee, Livingston, Monroe, Niagara, Orleans, Wyoming"
New York,54,2025-02-01,0.033931157630929715,18,1.42,1.43,Decreasing,"Erie (Buffalo), NY - Monroe, NY","Erie, Genesee, Livingston, Monroe, Niagara, Orleans, Wyoming"
New York,54,2025-02-08,-0.2533400122565698,21,1.33,1.25,Decreasing,"Erie (Buffalo), NY - Monroe, NY","Erie, Genesee, Livingston, Monroe, Niagara, Orleans, Wyoming"
New York,54,2025-02-15,-0.010365743638858383,20,1.02,1.08,Decreasing,"Erie (Buffalo), NY - Monroe, NY","Erie, Genesee, Livingston, Monroe, Niagara, Orleans, Wyoming"
New York,54,2025-02-22,-0.2350481790454057,20,0.96,0.93,Decreasing,"Erie (Buffalo), NY - Monroe, NY","Erie, Genesee, Livingston, Monroe, Niagara, Orleans, Wyoming"
New York,54,2025-03-01,-0.434167433245677,19,0.81,0.82,Decreasing,"Erie (Buffalo), NY - Monroe, NY","Erie, Genesee, Livingston, Monroe, Niagara, Orleans, Wyoming"
New York,54,2025-03-08,-0.5909403767420537,18,0.69,0.74,Decreasing,"Erie (Buffalo), NY - Monroe, NY","Erie, Genesee, Livingston, Monroe, Niagara, Orleans, Wyoming"
New York,54,2025-03-15,-0.5326580503424659,17,0.7,0.7,No Change,"Erie (Buffalo), NY - Monroe, NY","Erie, Genesee, Livingston, Monroe, Niagara, Orleans, Wyoming"
New York,54,2025-03-22,-0.9230834534956331,20,0.65,0.69,No Change,"Erie (Buffalo), NY - Monroe, NY","Erie, Genesee, Livingston, Monroe, Niagara, Orleans, Wyoming"
New York,54,2025-03-29,-0.7359210555914261,20,0.81,0.7,No Change,"Erie (Buffalo), NY - Monroe, NY","Erie, Genesee, Livingston, Monroe, Niagara, Orleans, Wyoming"
New York,54,2025-04-05,-0.6876147364107252,20,0.72,0.72,No Change,"Erie (Buffalo), NY - Monroe, NY","Erie, Genesee, Livingston, Monroe, Niagara, Orleans, Wyoming"
New York,54,2025-04-12,-0.6808910126000964,22,0.67,0.73,No Change,"Erie (Buffalo), NY - Monroe, NY","Erie, Genesee, Livingston, Monroe, Niagara, Orleans, Wyoming"
New York,54,2025-04-19,-0.20525397720560468,18,0.66,0.71,No Change,"Erie (Buffalo), NY - Monroe, NY","Erie, Genesee, Livingston, Monroe, Niagara, Orleans, Wyoming"
New York,54,2025-04-26,-0.500161003903149,17,0.68,0.65,Decreasing,"Erie (Buffalo), NY - Monroe, NY","Erie, Genesee, Livingston, Monroe, Niagara, Orleans, Wyoming"
New York,54,2025-05-03,-0.5089674213175047,17,0.57,0.54,Decreasing,"Erie (Buffalo), NY - Monroe, NY","Erie, Genesee, Livingston, Monroe, Niagara, Orleans, Wyoming"
New York,54,2025-05-10,-0.12439368534841787,15,0.51,0.44,Decreasing,"Erie (Buffalo), NY - Monroe, NY","Erie, Genesee, Livingston, Monroe, Niagara, Orleans, Wyoming"
New York,54,2025-05-17,0.21304607912714982,21,0.27,0.36,Decreasing,"Erie (Buffalo), NY - Monroe, NY","Erie, Genesee, Livingston, Monroe, Niagara, Orleans, Wyoming"
New York,54,2025-05-24,0.5003952482265993,23,0.31,0.32,No Change,"Erie (Buffalo), NY - Monroe, NY","Erie, Genesee, Livingston, Monroe, Niagara, Orleans, Wyoming"
New York,54,2025-05-31,0.31984994166161107,20,0.34,0.31,No Change,"Erie (Buffalo), NY - Monroe, NY","Erie, Genesee, Livingston, Monroe, Niagara, Orleans, Wyoming"
New York,54,2025-06-07,-0.2562061514442889,22,0.3,0.3,Decreasing,"Erie (Buffalo), NY - Monroe, NY","Erie, Genesee, Livingston, Monroe, Niagara, Orleans, Wyoming"
New York,54,2025-06-14,-0.22103841237694904,21,0.26,0.26,Decreasing,"Erie (Buffalo), NY - Monroe, NY","Erie, Genesee, Livingston, Monroe, Niagara, Orleans, Wyoming"
New York,54,2025-06-21,-0.08369185087324348,21,0.23,0.22,Decreasing,"Erie (Buffalo), NY - Monroe, NY","Erie, Genesee, Livingston, Monroe, Niagara, Orleans, Wyoming"
New York,54,2025-06-28,-0.30405300972042565,21,0.26,0.2,No Change,"Erie (Buffalo), NY - Monroe, NY","Erie, Genesee, Livingston, Monroe, Niagara, Orleans, Wyoming"
New York,54,2025-07-05,-0.7247134612761641,15,0.13,0.21,Increasing,"Erie (Buffalo), NY - Monroe, NY","Erie, Genesee, Livingston, Monroe, Niagara, Orleans, Wyoming"
New York,54,2025-07-12,-0.256591496135827,17,0.21,0.24,Increasing,"Erie (Buffalo), NY - Monroe, NY","Erie, Genesee, Livingston, Monroe, Niagara, Orleans, Wyoming"
New York,54,2025-07-19,-0.15847540380259492,21,0.29,0.29,Increasing,"Erie (Buffalo), NY - Monroe, NY","Erie, Genesee, Livingston, Monroe, Niagara, Orleans, Wyoming"
New York,54,2025-07-26,0.19718533614911202,22,0.36,0.35,Increasing,"Erie (Buffalo), NY - Monroe, NY","Erie, Genesee, Livingston, Monroe, Niagara, Orleans, Wyoming"
New York,54,2025-08-02,0.119530986415793,22,0.48,0.38,Increasing,"Erie (Buffalo), NY - Monroe, NY","Erie, Genesee, Livingston, Monroe, Niagara, Orleans, Wyoming"
New York,54,2025-08-09,0.40362524326609667,17,0.4,0.42,Increasing,"Erie (Buffalo), NY - Monroe, NY","Erie, Genesee, Livingston, Monroe, Niagara, Orleans, Wyoming"
New York,54,2025-08-16,0.3881815914867727,19,0.46,0.46,Increasing,"Erie (Buffalo), NY - Monroe, NY","Erie, Genesee, Livingston, Monroe, Niagara, Orleans, Wyoming"
New York,54,2025-08-23,0.5565436494006708,20,0.49,0.52,Increasing,"Erie (Buffalo), NY - Monroe, NY","Erie, Genesee, Livingston, Monroe, Niagara, Orleans, Wyoming"
New York,54,2025-08-30,0.5796979115537575,20,0.5,0.61,Increasing,"Erie (Buffalo), NY - Monroe, NY","Erie, Genesee, Livingston, Monroe, Niagara, Orleans, Wyoming"
New York,54,2025-09-06,0.7491599617336304,21,0.82,0.75,Increasing,"Erie (Buffalo), NY - Monroe, NY","Erie, Genesee, Livingston, Monroe, Niagara, Orleans, Wyoming"
New York,54,2025-09-13,0.7656315946906196,21,0.94,0.9,Increasing,"Erie (Buffalo), NY - Monroe, NY","Erie, Genesee, Livingston, Monroe, Niagara, Orleans, Wyoming"
New York,54,2025-09-20,0.8396325007975826,22,1.1,0.98,No Change,"Erie (Buffalo), NY - Monroe, NY","Erie, Genesee, Livingston, Monroe, Niagara, Orleans, Wyoming"
New York,54,2025-09-27,0.5225153805780531,22,0.75,0.86,Decreasing,"Erie (Buffalo), NY - Monroe, NY","Erie, Genesee, Livingston, Monroe, Niagara, Orleans, Wyoming"
New York,54,2025-10-04,0.527738939205704,21,0.63,0.64,Decreasing,"Erie (Buffalo), NY - Monroe, NY","Erie, Genesee, Livingston, Monroe, Niagara, Orleans, Wyoming"
New York,54,2025-10-11,0.43548548285140193,21,0.47,0.46,Decreasing,"Erie (Buffalo), NY - Monroe, NY","Erie, Genesee, Livingston, Monroe, Niagara, Orleans, Wyoming"
New York,54,2025-10-18,0.3950703556899783,20,0.38,0.37,Decreasing,"Erie (Buffalo), NY - Monroe, NY","Erie, Genesee, Livingston, Monroe, Niagara, Orleans, Wyoming"
New York,54,2025-10-25,0.18755165246849267,20,0.35,0.35,No Change,"Erie (Buffalo), NY - Monroe, NY","Erie, Genesee, Livingston, Monroe, Niagara, Orleans, Wyoming"
New York,54,2025-11-01,0.3417239378657542,21,0.33,0.37,Increasing,"Erie (Buffalo), NY - Monroe, NY","Erie, Genesee, Livingston, Monroe, Niagara, Orleans, Wyoming"
New York,54,2025-11-08,0.6084914214897631,21,0.51,0.41,Increasing,"Erie (Buffalo), NY - Monroe, NY","Erie, Genesee, Livingston, Monroe, Niagara, Orleans, Wyoming"
New York,54,2025-11-15,0.03406557186724759,20,0.41,0.46,Increasing,"Erie (Buffalo), NY - Monroe, NY","Erie, Genesee, Livingston, Monroe, Niagara, Orleans, Wyoming"
New York,54,2025-11-22,0.47384081516830817,22,0.43,0.54,Increasing,"Erie (Buffalo), NY - Monroe, NY","Erie, Genesee, Livingston, Monroe, Niagara, Orleans, Wyoming"
New York,54,2025-11-29,0.5158375601986538,18,0.73,0.65,Increasing,"Erie (Buffalo), NY - Monroe, NY","Erie, Genesee, Livingston, Monroe, Niagara, Orleans, Wyoming"
New York,54,2025-12-06,0.7227042048251718,22,0.88,0.79,Increasing,"Erie (Buffalo), NY - Monroe, NY","Erie, Genesee, Livingston, Monroe, Niagara, Orleans, Wyoming"
New York,54,2025-12-13,0.7600249392503071,21,0.94,0.96,Increasing,"Erie (Buffalo), NY - Monroe, NY","Erie, Genesee, Livingston, Monroe, Niagara, Orleans, Wyoming"
New York,54,2025-12-20,0.8545762686136459,18,1.02,1.16,Increasing,"Erie (Buffalo), NY - Monroe, NY","Erie, Genesee, Livingston, Monroe, Niagara, Orleans, Wyoming"
New York,54,2025-12-27,0.8313212578168039,16,1.4,1.35,Increasing,"Erie (Buffalo), NY - Monroe, NY","Erie, Genesee, Livingston, Monroe, Niagara, Orleans, Wyoming"
New York,54,2026-01-03,0.7417976102583284,17,1.54,1.42,No Change,"Erie (Buffalo), NY - Monroe, NY","Erie, Genesee, Livingston, Monroe, Niagara, Orleans, Wyoming"
New York,54,2026-01-10,0.7666416855436444,19,1.3,1.29,Decreasing,"Erie (Buffalo), NY - Monroe, NY","Erie, Genesee, Livingston, Monroe, Niagara, Orleans, Wyoming"
New York,54,2026-01-17,0.4352824431051173,20,0.91,1.02,Decreasing,"Erie (Buffalo), NY - Monroe, NY","Erie, Genesee, Livingston, Monroe, Niagara, Orleans, Wyoming"
New York,54,2026-01-24,0.5361249511423248,20,0.77,0.81,Decreasing,"Erie (Buffalo), NY - Monroe, NY","Erie, Genesee, Livingston, Monroe, Niagara, Orleans, Wyoming"
New York,54,2026-01-31,0.612373388972078,19,0.83,0.74,No Change,"Erie (Buffalo), NY - Monroe, NY","Erie, Genesee, Livingston, Monroe, Niagara, Orleans, Wyoming"
New York,54,2026-02-07,0.6586191311609986,21,0.79,0.79,Increasing,"Erie (Buffalo), NY - Monroe, NY","Erie, Genesee, Livingston, Monroe, Niagara, Orleans, Wyoming"
New York,54,2026-02-14,0.7846528222874821,19,0.78,0.89,Increasing,"Erie (Buffalo), NY - Monroe, NY","Erie, Genesee, Livingston, Monroe, Niagara, Orleans, Wyoming"
New York,54,2026-02-21,0.6882828760449394,20,1.0,0.92,No Change,"Erie (Buffalo), NY - Monroe, NY","Erie, Genesee, Livingston, Monroe, Niagara, Orleans, Wyoming"
New York,54,2026-02-28,0.5066456661354547,19,0.91,0.84,Decreasing,"Erie (Buffalo), NY - Monroe, NY","Erie, Genesee, Livingston, Monroe, Niagara, Orleans, Wyoming"
New York,54,2026-03-07,0.39674435666636454,20,0.68,0.73,Decreasing,"Erie (Buffalo), NY - Monroe, NY","Erie, Genesee, Livingston, Monroe, Niagara, Orleans, Wyoming"
New York,54,2026-03-14,0.3904415626763452,20,0.7,0.64,Decreasing,"Erie (Buffalo), NY - Monroe, NY","Erie, Genesee, Livingston, Monroe, Niagara, Orleans, Wyoming"
New York,54,2026-03-21,0.25075722276864787,22,0.5,0.6,No Change,"Erie (Buffalo), NY - Monroe, NY","Erie, Genesee, Livingston, Monroe, Niagara, Orleans, Wyoming"
New York,54,2026-03-28,0.3659613367041666,21,0.51,0.55,Decreasing,"Erie (Buffalo), NY - Monroe, NY","Erie, Genesee, Livingston, Monroe, Niagara, Orleans, Wyoming"
New York,54,2026-04-04,0.14417677979247995,23,0.52,0.48,Decreasing,"Erie (Buffalo), NY - Monroe, NY","Erie, Genesee, Livingston, Monroe, Niagara, Orleans, Wyoming"
New York,54,2026-04-11,0.18746747705273742,20,0.52,0.39,Decreasing,"Erie (Buffalo), NY - Monroe, NY","Erie, Genesee, Livingston, Monroe, Niagara, Orleans, Wyoming"
New York,54,2026-04-18,0.14992980765786712,17,0.23,0.3,Decreasing,"Erie (Buffalo), NY - Monroe, NY","Erie, Genesee, Livingston, Monroe, Niagara, Orleans, Wyoming"
New York,54,2026-04-25,-0.024912602216037527,18,0.22,0.23,Decreasing,"Erie (Buffalo), NY - Monroe, NY","Erie, Genesee, Livingston, Monroe, Niagara, Orleans, Wyoming"
New York,54,2026-05-02,-0.44321308544583654,17,0.15,0.18,Decreasing,"Erie (Buffalo), NY - Monroe, NY","Erie, Genesee, Livingston, Monroe, Niagara, Orleans, Wyoming"
New York,54,2026-05-09,-0.3147443120986504,17,0.16,0.14,Decreasing,"Erie (Buffalo), NY - Monroe, NY","Erie, Genesee, Livingston, Monroe, Niagara, Orleans, Wyoming"
New York,54,2026-05-16,-0.5846270400832576,20,0.14,0.11,Decreasing,"Erie (Buffalo), NY - Monroe, NY","Erie, Genesee, Livingston, Monroe, Niagara, Orleans, Wyoming"
New York,54,2026-05-23,-0.6081355669618694,23,0.06,0.08,Decreasing,"Erie (Buffalo), NY - Monroe, NY","Erie, Genesee, Livingston, Monroe, Niagara, Orleans, Wyoming"
New York,54,2026-05-30,-1.0448426174556524,21,0.09,0.07,Decreasing,"Erie (Buffalo), NY - Monroe, NY","Erie, Genesee, Livingston, Monroe, Niagara, Orleans, Wyoming"
New York,54,2026-06-06,-0.9358517972507243,22,0.02,0.05,Decreasing,"Erie (Buffalo), NY - Monroe, NY","Erie, Genesee, Livingston, Monroe, Niagara, Orleans, Wyoming"
New York,54,2026-06-13,-0.9746697841880723,20,0.04,0.05,No Change,"Erie (Buffalo), NY - Monroe, NY","Erie, Genesee, Livingston, Monroe, Niagara, Orleans, Wyoming"
New York,54,2026-06-20,-1.2064996444261866,20,0.05,0.05,No Change,"Erie (Buffalo), NY - Monroe, NY","Erie, Genesee, Livingston, Monroe, Niagara, Orleans, Wyoming"
New York,54,2026-06-27,-0.889519806911065,19,0.06,0.05,No Change,"Erie (Buffalo), NY - Monroe, NY","Erie, Genesee, Livingston, Monroe, Niagara, Orleans, Wyoming"
New York,54,2026-07-04,-1.0747870906431487,17,0.05,0.05,No Change,"Erie (Buffalo), NY - Monroe, NY","Erie, Genesee, Livingston, Monroe, Niagara, Orleans, Wyoming"
New York,54,2026-07-11,-0.8758856012004368,15,0.02,0.05,No Change,"Erie (Buffalo), NY - Monroe, NY","Erie, Genesee, Livingston, Monroe, Niagara, Orleans, Wyoming"
New York,54,2026-07-18,-0.8689477736818499,22,0.07,0.05,Decreasing,"Erie (Buffalo), NY - Monroe, NY","Erie, Genesee, Livingston, Monroe, Niagara, Orleans, Wyoming"
New York,54,2026-07-25,-0.6049740621559423,22,0.06,0.04,Decreasing,"Erie (Buffalo), NY - Monroe, NY","Erie, Genesee, Livingston, Monroe, Niagara, Orleans, Wyoming"
New York,54,2026-08-01,-0.5062197952793754,21,0.07,0.04,No Change,"Erie (Buffalo), NY - Monroe, NY","Erie, Genesee, Livingston, Monroe, Niagara, Orleans, Wyoming"
New York,54,2026-08-08,-0.6384277216463091,23,0.09,0.05,Increasing,"Erie (Buffalo), NY - Monroe, NY","Erie, Genesee, Livingston, Monroe, Niagara, Orleans, Wyoming"
New York,54,2026-08-15,-0.5548641362509616,21,0.05,0.09,Increasing,"Erie (Buffalo), NY - Monroe, NY","Erie, Genesee, Livingston, Monroe, Niagara, Orleans, Wyoming"
New York,54,2026-08-22,-0.3272271586521156,21,0.06,0.23,Increasing,"Erie (Buffalo), NY - Monroe, NY","Erie, Genesee, Livingston, Monroe, Niagara, Orleans, Wyoming"
New York,56,2025-01-04,-1.2062887778298588,3,1.26,0.97,No Change,"Onondaga (Syracuse), NY - Oswego, NY","Cayuga, Onondaga, Oswego"
New York,56,2025-01-11,-1.1569033329487681,11,1.14,0.99,No Change,"Onondaga (Syracuse), NY - Oswego, NY","Cayuga, Onondaga, Oswego"
New York,56,2025-01-18,-1.3196237237774617,11,0.78,0.92,Decreasing,"Onondaga (Syracuse), NY - Oswego, NY","Cayuga, Onondaga, Oswego"
New York,56,2025-01-25,-1.3411827087958303,10,0.59,0.83,Decreasing,"Onondaga (Syracuse), NY - Oswego, NY","Cayuga, Onondaga, Oswego"
New York,56,2025-02-01,-1.2695301623085422,8,0.56,0.77,No Change,"Onondaga (Syracuse), NY - Oswego, NY","Cayuga, Onondaga, Oswego"
New York,56,2025-02-08,-1.3196237237774617,11,1.02,0.79,No Change,"Onondaga (Syracuse), NY - Oswego, NY","Cayuga, Onondaga, Oswego"
New York,56,2025-02-15,-1.2425185376079486,11,1.09,0.85,No Change,"Onondaga (Syracuse), NY - Oswego, NY","Cayuga, Onondaga, Oswego"
New York,56,2025-02-22,-1.3196237237774617,11,0.91,0.88,No Change,"Onondaga (Syracuse), NY - Oswego, NY","Cayuga, Onondaga, Oswego"
New York,56,2025-03-01,-1.3641290415366412,9,0.68,0.84,Decreasing,"Onondaga (Syracuse), NY - Oswego, NY","Cayuga, Onondaga, Oswego"
New York,56,2025-03-08,-1.3411827087958303,10,0.65,0.74,Decreasing,"Onondaga (Syracuse), NY - Oswego, NY","Cayuga, Onondaga, Oswego"
New York,56,2025-03-15,-1.2969544397157535,7,0.58,0.65,Decreasing,"Onondaga (Syracuse), NY - Oswego, NY","Cayuga, Onondaga, Oswego"
New York,56,2025-03-22,-1.1298197284570126,10,0.72,0.61,No Change,"Onondaga (Syracuse), NY - Oswego, NY","Cayuga, Onondaga, Oswego"
New York,56,2025-03-29,-1.2895970462033257,10,0.69,0.61,No Change,"Onondaga (Syracuse), NY - Oswego, NY","Cayuga, Onondaga, Oswego"
New York,56,2025-04-05,-1.1138703338904512,11,0.63,0.62,No Change,"Onondaga (Syracuse), NY - Oswego, NY","Cayuga, Onondaga, Oswego"
New York,56,2025-04-12,-1.3196237237774617,11,0.48,0.61,No Change,"Onondaga (Syracuse), NY - Oswego, NY","Cayuga, Onondaga, Oswego"
New York,56,2025-04-19,-1.1295095792573806,9,0.53,0.58,No Change,"Onondaga (Syracuse), NY - Oswego, NY","Cayuga, Onondaga, Oswego"
New York,56,2025-04-26,-1.046489720230121,8,0.66,0.53,Decreasing,"Onondaga (Syracuse), NY - Oswego, NY","Cayuga, Onondaga, Oswego"
New York,56,2025-05-03,-1.3137004694287109,8,0.46,0.44,Decreasing,"Onondaga (Syracuse), NY - Oswego, NY","Cayuga, Onondaga, Oswego"
New York,56,2025-05-10,0.6975935652918469,10,0.31,0.35,Decreasing,"Onondaga (Syracuse), NY - Oswego, NY","Cayuga, Onondaga, Oswego"
New York,56,2025-05-17,0.18119980985199727,10,0.34,0.27,Decreasing,"Onondaga (Syracuse), NY - Oswego, NY","Cayuga, Onondaga, Oswego"
New York,56,2025-05-24,0.2102111415610494,10,0.15,0.2,Decreasing,"Onondaga (Syracuse), NY - Oswego, NY","Cayuga, Onondaga, Oswego"
New York,56,2025-05-31,0.6358501356417974,10,0.15,0.16,Decreasing,"Onondaga (Syracuse), NY - Oswego, NY","Cayuga, Onondaga, Oswego"
New York,56,2025-06-07,0.6780498287473081,9,0.15,0.13,Decreasing,"Onondaga (Syracuse), NY - Oswego, NY","Cayuga, Onondaga, Oswego"
New York,56,2025-06-14,-0.0621725142350504,10,0.07,0.12,No Change,"Onondaga (Syracuse), NY - Oswego, NY","Cayuga, Onondaga, Oswego"
New York,56,2025-06-21,-0.34958348973605663,11,0.07,0.11,No Change,"Onondaga (Syracuse), NY - Oswego, NY","Cayuga, Onondaga, Oswego"
New York,56,2025-06-28,-0.044458960335565276,10,0.27,0.12,No Change,"Onondaga (Syracuse), NY - Oswego, NY","Cayuga, Onondaga, Oswego"
New York,56,2025-07-05,0.057119285671293825,11,0.07,0.14,Increasing,"Onondaga (Syracuse), NY - Oswego, NY","Cayuga, Onondaga, Oswego"
New York,56,2025-07-12,0.22500803563600588,10,0.09,0.17,Increasing,"Onondaga (Syracuse), NY - Oswego, NY","Cayuga, Onondaga, Oswego"
New York,56,2025-07-19,-0.10774002480011709,10,0.22,0.21,Increasing,"Onondaga (Syracuse), NY - Oswego, NY","Cayuga, Onondaga, Oswego"
New York,56,2025-07-26,0.5857308565234371,10,0.29,0.29,Increasing,"Onondaga (Syracuse), NY - Oswego, NY","Cayuga, Onondaga, Oswego"
New York,56,2025-08-02,0.6657503994828307,10,0.34,0.4,Increasing,"Onondaga (Syracuse), NY - Oswego, NY","Cayuga, Onondaga, Oswego"
New York,56,2025-08-09,0.7996996552484313,10,0.73,0.54,Increasing,"Onondaga (Syracuse), NY - Oswego, NY","Cayuga, Onondaga, Oswego"
New York,56,2025-08-16,0.6998409263505861,11,0.64,0.68,Increasing,"Onondaga (Syracuse), NY - Oswego, NY","Cayuga, Onondaga, Oswego"
New York,56,2025-08-23,0.6355091029796247,11,0.84,0.8,Increasing,"Onondaga (Syracuse), NY - Oswego, NY","Cayuga, Onondaga, Oswego"
New York,56,2025-08-30,0.7095746897872531,11,0.65,0.89,Increasing,"Onondaga (Syracuse), NY - Oswego, NY","Cayuga, Onondaga, Oswego"
New York,56,2025-09-06,0.9416663288015786,11,1.01,0.99,Increasing,"Onondaga (Syracuse), NY - Oswego, NY","Cayuga, Onondaga, Oswego"
New York,56,2025-09-13,1.0213272652593044,10,1.21,1.06,No Change,"Onondaga (Syracuse), NY - Oswego, NY","Cayuga, Onondaga, Oswego"
New York,56,2025-09-20,0.9351236168057823,11,1.14,1.04,Decreasing,"Onondaga (Syracuse), NY - Oswego, NY","Cayuga, Onondaga, Oswego"
New York,56,2025-09-27,0.9950937645935888,11,0.92,0.88,Decreasing,"Onondaga (Syracuse), NY - Oswego, NY","Cayuga, Onondaga, Oswego"
New York,56,2025-10-04,0.8118540841779742,10,0.51,0.65,Decreasing,"Onondaga (Syracuse), NY - Oswego, NY","Cayuga, Onondaga, Oswego"
New York,56,2025-10-11,-0.1823977654385844,11,0.38,0.47,Decreasing,"Onondaga (Syracuse), NY - Oswego, NY","Cayuga, Onondaga, Oswego"
New York,56,2025-10-18,0.5678073401924747,11,0.4,0.35,Decreasing,"Onondaga (Syracuse), NY - Oswego, NY","Cayuga, Onondaga, Oswego"
New York,56,2025-10-25,0.6942398806777494,11,0.38,0.29,Decreasing,"Onondaga (Syracuse), NY - Oswego, NY","Cayuga, Onondaga, Oswego"
New York,56,2025-11-01,0.3757183015641767,11,0.25,0.26,No Change,"Onondaga (Syracuse), NY - Oswego, NY","Cayuga, Onondaga, Oswego"
New York,56,2025-11-08,0.6532216905365953,11,0.11,0.25,No Change,"Onondaga (Syracuse), NY - Oswego, NY","Cayuga, Onondaga, Oswego"
New York,56,2025-11-15,0.6835579520298981,11,0.38,0.25,No Change,"Onondaga (Syracuse), NY - Oswego, NY","Cayuga, Onondaga, Oswego"
New York,56,2025-11-22,0.4991069967210784,11,0.2,0.26,No Change,"Onondaga (Syracuse), NY - Oswego, NY","Cayuga, Onondaga, Oswego"
New York,56,2025-11-29,0.538534015599153,10,0.3,0.28,Increasing,"Onondaga (Syracuse), NY - Oswego, NY","Cayuga, Onondaga, Oswego"
New York,56,2025-12-06,0.5503588533404886,11,0.31,0.33,Increasing,"Onondaga (Syracuse), NY - Oswego, NY","Cayuga, Onondaga, Oswego"
New York,56,2025-12-13,0.7900777981775454,11,0.38,0.38,Increasing,"Onondaga (Syracuse), NY - Oswego, NY","Cayuga, Onondaga, Oswego"
New York,56,2025-12-20,0.7615774949811397,11,0.37,0.44,Increasing,"Onondaga (Syracuse), NY - Oswego, NY","Cayuga, Onondaga, Oswego"
New York,56,2025-12-27,0.7540304112710323,10,0.66,0.5,No Change,"Onondaga (Syracuse), NY - Oswego, NY","Cayuga, Onondaga, Oswego"
New York,56,2026-01-03,0.7850790507907498,9,0.53,0.55,No Change,"Onondaga (Syracuse), NY - Oswego, NY","Cayuga, Onondaga, Oswego"
New York,56,2026-01-10,0.8491836930820079,11,0.6,0.59,No Change,"Onondaga (Syracuse), NY - Oswego, NY","Cayuga, Onondaga, Oswego"
New York,56,2026-01-17,0.7084101068328681,11,0.56,0.61,No Change,"Onondaga (Syracuse), NY - Oswego, NY","Cayuga, Onondaga, Oswego"
New York,56,2026-01-24,0.9463672508101811,11,0.54,0.64,No Change,"Onondaga (Syracuse), NY - Oswego, NY","Cayuga, Onondaga, Oswego"
New York,56,2026-01-31,0.8335481620278183,9,0.81,0.68,No Change,"Onondaga (Syracuse), NY - Oswego, NY","Cayuga, Onondaga, Oswego"
New York,56,2026-02-07,0.9418274662896974,11,0.71,0.73,No Change,"Onondaga (Syracuse), NY - Oswego, NY","Cayuga, Onondaga, Oswego"
New York,56,2026-02-14,1.0568850798166465,5,0.78,0.78,No Change,"Onondaga (Syracuse), NY - Oswego, NY","Cayuga, Onondaga, Oswego"
New York,56,2026-02-21,0.9584143626727497,10,0.79,0.81,No Change,"Onondaga (Syracuse), NY - Oswego, NY","Cayuga, Onondaga, Oswego"
New York,56,2026-02-28,0.8301281268834664,11,0.78,0.8,No Change,"Onondaga (Syracuse), NY - Oswego, NY","Cayuga, Onondaga, Oswego"
New York,56,2026-03-07,0.9827451065567238,11,0.83,0.74,Decreasing,"Onondaga (Syracuse), NY - Oswego, NY","Cayuga, Onondaga, Oswego"
New York,56,2026-03-14,0.6431254103013408,10,0.67,0.64,Decreasing,"Onondaga (Syracuse), NY - Oswego, NY","Cayuga, Onondaga, Oswego"
New York,56,2026-03-21,0.842814183831206,10,0.48,0.52,Decreasing,"Onondaga (Syracuse), NY - Oswego, NY","Cayuga, Onondaga, Oswego"
New York,56,2026-03-28,0.8086901671298121,9,0.37,0.4,Decreasing,"Onondaga (Syracuse), NY - Oswego, NY","Cayuga, Onondaga, Oswego"
New York,56,2026-04-04,0.5180794457332722,11,0.35,0.32,Decreasing,"Onondaga (Syracuse), NY - Oswego, NY","Cayuga, Onondaga, Oswego"
New York,56,2026-04-11,0.6336265047589783,11,0.24,0.26,Decreasing,"Onondaga (Syracuse), NY - Oswego, NY","Cayuga, Onondaga, Oswego"
New York,56,2026-04-18,0.599495697607884,11,0.17,0.22,Decreasing,"Onondaga (Syracuse), NY - Oswego, NY","Cayuga, Onondaga, Oswego"
New York,56,2026-04-25,-0.1062044450056443,10,0.2,0.19,No Change,"Onondaga (Syracuse), NY - Oswego, NY","Cayuga, Onondaga, Oswego"
New York,56,2026-05-02,-0.12464930948489106,10,0.15,0.18,No Change,"Onondaga (Syracuse), NY - Oswego, NY","Cayuga, Onondaga, Oswego"
New York,56,2026-05-09,0.32829281290995527,10,0.18,0.16,No Change,"Onondaga (Syracuse), NY - Oswego, NY","Cayuga, Onondaga, Oswego"
New York,56,2026-05-16,0.09379629162972905,10,0.16,0.14,Decreasing,"Onondaga (Syracuse), NY - Oswego, NY","Cayuga, Onondaga, Oswego"
New York,56,2026-05-23,0.05302212762947076,10,0.14,0.11,Decreasing,"Onondaga (Syracuse), NY - Oswego, NY","Cayuga, Onondaga, Oswego"
New York,56,2026-05-30,-0.40439596252467813,10,0.09,0.08,Decreasing,"Onondaga (Syracuse), NY - Oswego, NY","Cayuga, Onondaga, Oswego"
New York,56,2026-06-06,-0.44223027608148036,10,0.02,0.06,Decreasing,"Onondaga (Syracuse), NY - Oswego, NY","Cayuga, Onondaga, Oswego"
New York,56,2026-06-13,-0.7869900567121624,10,0.02,0.05,Decreasing,"Onondaga (Syracuse), NY - Oswego, NY","Cayuga, Onondaga, Oswego"
New York,56,2026-06-20,-0.6890714015929823,11,0.07,0.04,Decreasing,"Onondaga (Syracuse), NY - Oswego, NY","Cayuga, Onondaga, Oswego"
New York,56,2026-06-27,-1.1408173876137206,10,0.0,0.03,No Change,"Onondaga (Syracuse), NY - Oswego, NY","Cayuga, Onondaga, Oswego"
New York,56,2026-07-04,-1.1668541783570212,11,0.0,0.03,No Change,"Onondaga (Syracuse), NY - Oswego, NY","Cayuga, Onondaga, Oswego"
New York,56,2026-07-11,-1.15240663265556,11,0.06,0.03,No Change,"Onondaga (Syracuse), NY - Oswego, NY","Cayuga, Onondaga, Oswego"
New York,56,2026-07-18,-0.635296574272806,11,0.04,0.03,No Change,"Onondaga (Syracuse), NY - Oswego, NY","Cayuga, Onondaga, Oswego"
New York,56,2026-07-25,-1.143028447464939,11,0.05,0.04,No Change,"Onondaga (Syracuse), NY - Oswego, NY","Cayuga, Onondaga, Oswego"
New York,56,2026-08-01,-0.4981781994166132,11,0.11,0.05,Increasing,"Onondaga (Syracuse), NY - Oswego, NY","Cayuga, Onondaga, Oswego"
New York,56,2026-08-08,-0.4714872870784485,5,0.07,0.07,Increasing,"Onondaga (Syracuse), NY - Oswego, NY","Cayuga, Onondaga, Oswego"
New York,56,2026-08-15,-0.7215676372768979,5,0.09,0.15,Increasing,"Onondaga (Syracuse), NY - Oswego, NY","Cayuga, Onondaga, Oswego"
New York,56,2026-08-22,-0.21818235468353375,10,0.09,0.33,Increasing,"Onondaga (Syracuse), NY - Oswego, NY","Cayuga, Onondaga, Oswego"
New York,58,2025-01-04,-1.6307521281394,3,1.64,1.15,No Change,"Otsego, NY - Chenango, NY","Chenango, Delaware, Otsego, Schoharie"
New York,58,2025-01-11,-1.6003050976268736,4,0.98,1.15,No Change,"Otsego, NY - Chenango, NY","Chenango, Delaware, Otsego, Schoharie"
New York,58,2025-01-18,-0.21489721885364033,3,0.7,1.12,No Change,"Otsego, NY - Chenango, NY","Chenango, Delaware, Otsego, Schoharie"
New York,58,2025-01-25,-1.4583124395543743,2,0.95,1.05,No Change,"Otsego, NY - Chenango, NY","Chenango, Delaware, Otsego, Schoharie"
New York,58,2025-02-01,-1.6003050976268736,4,1.19,0.98,No Change,"Otsego, NY - Chenango, NY","Chenango, Delaware, Otsego, Schoharie"
New York,58,2025-02-08,-1.0944611304722704,4,1.05,0.89,No Change,"Otsego, NY - Chenango, NY","Chenango, Delaware, Otsego, Schoharie"
New York,58,2025-02-15,-0.210708136468935,4,0.81,0.81,No Change,"Otsego, NY - Chenango, NY","Chenango, Delaware, Otsego, Schoharie"
New York,58,2025-02-22,-0.3470347234223433,4,0.44,0.74,No Change,"Otsego, NY - Chenango, NY","Chenango, Delaware, Otsego, Schoharie"
New York,58,2025-03-01,-0.5463382880743076,4,0.6,0.68,No Change,"Otsego, NY - Chenango, NY","Chenango, Delaware, Otsego, Schoharie"
New York,58,2025-03-08,-0.030073159308548897,4,0.9,0.62,No Change,"Otsego, NY - Chenango, NY","Chenango, Delaware, Otsego, Schoharie"
New York,58,2025-03-15,-0.2326394395819968,4,0.61,0.55,Decreasing,"Otsego, NY - Chenango, NY","Chenango, Delaware, Otsego, Schoharie"
New York,58,2025-03-22,0.433764224350243,4,0.3,0.46,Decreasing,"Otsego, NY - Chenango, NY","Chenango, Delaware, Otsego, Schoharie"
New York,58,2025-03-29,0.5216712049450954,4,0.55,0.38,Decreasing,"Otsego, NY - Chenango, NY","Chenango, Delaware, Otsego, Schoharie"
New York,58,2025-04-05,-0.14747089623204923,4,0.25,0.32,Decreasing,"Otsego, NY - Chenango, NY","Chenango, Delaware, Otsego, Schoharie"
New York,58,2025-04-12,0.04269909191232013,4,0.06,0.28,No Change,"Otsego, NY - Chenango, NY","Chenango, Delaware, Otsego, Schoharie"
New York,58,2025-04-19,0.5211686455878723,4,0.25,0.25,No Change,"Otsego, NY - Chenango, NY","Chenango, Delaware, Otsego, Schoharie"
New York,58,2025-04-26,0.5036584617352515,4,0.42,0.23,No Change,"Otsego, NY - Chenango, NY","Chenango, Delaware, Otsego, Schoharie"
New York,58,2025-05-03,0.6467981818530835,4,0.31,0.22,No Change,"Otsego, NY - Chenango, NY","Chenango, Delaware, Otsego, Schoharie"
New York,58,2025-05-10,-0.10404269892918648,4,0.12,0.2,No Change,"Otsego, NY - Chenango, NY","Chenango, Delaware, Otsego, Schoharie"
New York,58,2025-05-17,-0.5956645257169382,4,0.06,0.19,No Change,"Otsego, NY - Chenango, NY","Chenango, Delaware, Otsego, Schoharie"
New York,58,2025-05-24,0.12939457427844853,4,0.23,0.18,No Change,"Otsego, NY - Chenango, NY","Chenango, Delaware, Otsego, Schoharie"
New York,58,2025-05-31,0.6512409623211636,4,0.23,0.19,No Change,"Otsego, NY - Chenango, NY","Chenango, Delaware, Otsego, Schoharie"
New York,58,2025-06-07,-1.108737242788688,4,0.17,0.2,No Change,"Otsego, NY - Chenango, NY","Chenango, Delaware, Otsego, Schoharie"
New York,58,2025-06-14,-0.9000911226271228,3,0.28,0.23,No Change,"Otsego, NY - Chenango, NY","Chenango, Delaware, Otsego, Schoharie"
New York,58,2025-06-21,-1.4583124395543743,2,0.17,0.26,No Change,"Otsego, NY - Chenango, NY","Chenango, Delaware, Otsego, Schoharie"
New York,58,2025-06-28,-0.5104027736407575,4,0.16,0.3,No Change,"Otsego, NY - Chenango, NY","Chenango, Delaware, Otsego, Schoharie"
New York,58,2025-07-05,-0.8168115206159117,3,0.5,0.34,No Change,"Otsego, NY - Chenango, NY","Chenango, Delaware, Otsego, Schoharie"
New York,58,2025-07-12,-0.19078041219283112,3,0.36,0.38,No Change,"Otsego, NY - Chenango, NY","Chenango, Delaware, Otsego, Schoharie"
New York,58,2025-07-19,0.2273596329217422,3,0.72,0.42,No Change,"Otsego, NY - Chenango, NY","Chenango, Delaware, Otsego, Schoharie"
New York,58,2025-07-26,0.16432658355806457,4,0.15,0.46,No Change,"Otsego, NY - Chenango, NY","Chenango, Delaware, Otsego, Schoharie"
New York,58,2025-08-02,0.7125130797064824,4,0.45,0.5,No Change,"Otsego, NY - Chenango, NY","Chenango, Delaware, Otsego, Schoharie"
New York,58,2025-08-09,-1.0516847992419616,3,0.63,0.55,No Change,"Otsego, NY - Chenango, NY","Chenango, Delaware, Otsego, Schoharie"
New York,58,2025-08-16,-0.09517524156307976,4,0.65,0.62,Increasing,"Otsego, NY - Chenango, NY","Chenango, Delaware, Otsego, Schoharie"
New York,58,2025-08-23,0.6360769076991483,4,0.69,0.71,No Change,"Otsego, NY - Chenango, NY","Chenango, Delaware, Otsego, Schoharie"
New York,58,2025-08-30,0.8938266540689925,4,0.48,0.8,No Change,"Otsego, NY - Chenango, NY","Chenango, Delaware, Otsego, Schoharie"
New York,58,2025-09-06,0.9218139466644586,4,1.28,0.87,No Change,"Otsego, NY - Chenango, NY","Chenango, Delaware, Otsego, Schoharie"
New York,58,2025-09-13,0.7539088154335519,4,0.73,0.87,No Change,"Otsego, NY - Chenango, NY","Chenango, Delaware, Otsego, Schoharie"
New York,58,2025-09-20,0.258265299807744,4,1.07,0.82,No Change,"Otsego, NY - Chenango, NY","Chenango, Delaware, Otsego, Schoharie"
New York,58,2025-09-27,0.9158828971534052,4,0.58,0.71,Decreasing,"Otsego, NY - Chenango, NY","Chenango, Delaware, Otsego, Schoharie"
New York,58,2025-10-04,0.859014916409443,3,0.67,0.58,Decreasing,"Otsego, NY - Chenango, NY","Chenango, Delaware, Otsego, Schoharie"
New York,58,2025-10-11,0.5321731175424986,4,0.42,0.47,Decreasing,"Otsego, NY - Chenango, NY","Chenango, Delaware, Otsego, Schoharie"
New York,58,2025-10-18,0.7264535672481439,4,0.36,0.39,Decreasing,"Otsego, NY - Chenango, NY","Chenango, Delaware, Otsego, Schoharie"
New York,58,2025-10-25,0.46456931010196134,4,0.36,0.34,No Change,"Otsego, NY - Chenango, NY","Chenango, Delaware, Otsego, Schoharie"
New York,58,2025-11-01,-0.39114174076349784,4,0.18,0.32,No Change,"Otsego, NY - Chenango, NY","Chenango, Delaware, Otsego, Schoharie"
New York,58,2025-11-08,0.17918497854751364,4,0.25,0.34,No Change,"Otsego, NY - Chenango, NY","Chenango, Delaware, Otsego, Schoharie"
New York,58,2025-11-15,0.5786564674564819,4,0.51,0.4,Increasing,"Otsego, NY - Chenango, NY","Chenango, Delaware, Otsego, Schoharie"
New York,58,2025-11-22,0.5684254158928866,3,0.19,0.49,Increasing,"Otsego, NY - Chenango, NY","Chenango, Delaware, Otsego, Schoharie"
New York,58,2025-11-29,0.5780576665525978,4,0.94,0.62,Increasing,"Otsego, NY - Chenango, NY","Chenango, Delaware, Otsego, Schoharie"
New York,58,2025-12-06,0.6465666983472392,3,0.98,0.78,Increasing,"Otsego, NY - Chenango, NY","Chenango, Delaware, Otsego, Schoharie"
New York,58,2025-12-13,0.8272423823160201,4,0.58,0.94,Increasing,"Otsego, NY - Chenango, NY","Chenango, Delaware, Otsego, Schoharie"
New York,58,2025-12-20,1.118163046327008,4,0.94,1.09,Increasing,"Otsego, NY - Chenango, NY","Chenango, Delaware, Otsego, Schoharie"
New York,58,2025-12-27,0.2669257956477804,4,1.89,1.18,No Change,"Otsego, NY - Chenango, NY","Chenango, Delaware, Otsego, Schoharie"
New York,58,2026-01-03,0.4250247862407153,1,1.01,1.23,No Change,"Otsego, NY - Chenango, NY","Chenango, Delaware, Otsego, Schoharie"
New York,58,2026-01-10,0.8674117011861165,2,1.03,1.26,No Change,"Otsego, NY - Chenango, NY","Chenango, Delaware, Otsego, Schoharie"
New York,58,2026-01-17,0.6292969026820405,4,1.27,1.26,No Change,"Otsego, NY - Chenango, NY","Chenango, Delaware, Otsego, Schoharie"
New York,58,2026-01-24,0.7873914076768609,4,1.04,1.24,No Change,"Otsego, NY - Chenango, NY","Chenango, Delaware, Otsego, Schoharie"
New York,58,2026-01-31,0.985503429062312,4,1.98,1.18,No Change,"Otsego, NY - Chenango, NY","Chenango, Delaware, Otsego, Schoharie"
New York,58,2026-02-07,0.7764971994110437,3,0.63,1.09,No Change,"Otsego, NY - Chenango, NY","Chenango, Delaware, Otsego, Schoharie"
New York,58,2026-02-14,1.0513125075814935,4,1.03,0.99,No Change,"Otsego, NY - Chenango, NY","Chenango, Delaware, Otsego, Schoharie"
New York,58,2026-02-21,0.629817670332923,4,0.9,0.91,No Change,"Otsego, NY - Chenango, NY","Chenango, Delaware, Otsego, Schoharie"
New York,58,2026-02-28,0.6218985063329002,4,0.92,0.84,No Change,"Otsego, NY - Chenango, NY","Chenango, Delaware, Otsego, Schoharie"
New York,58,2026-03-07,-1.1146933696549866,3,0.63,0.78,No Change,"Otsego, NY - Chenango, NY","Chenango, Delaware, Otsego, Schoharie"
New York,58,2026-03-14,-0.17803946308659654,4,0.61,0.71,No Change,"Otsego, NY - Chenango, NY","Chenango, Delaware, Otsego, Schoharie"
New York,58,2026-03-21,0.5148307603561437,4,1.03,0.63,No Change,"Otsego, NY - Chenango, NY","Chenango, Delaware, Otsego, Schoharie"
New York,58,2026-03-28,0.7608049247530712,4,0.35,0.56,Decreasing,"Otsego, NY - Chenango, NY","Chenango, Delaware, Otsego, Schoharie"
New York,58,2026-04-04,0.6280891292605171,4,0.61,0.49,Decreasing,"Otsego, NY - Chenango, NY","Chenango, Delaware, Otsego, Schoharie"
New York,58,2026-04-11,0.5938814998994391,2,0.32,0.42,No Change,"Otsego, NY - Chenango, NY","Chenango, Delaware, Otsego, Schoharie"
New York,58,2026-04-18,-0.08054915935986567,4,0.17,0.36,Decreasing,"Otsego, NY - Chenango, NY","Chenango, Delaware, Otsego, Schoharie"
New York,58,2026-04-25,-0.6353427781827148,4,0.18,0.3,Decreasing,"Otsego, NY - Chenango, NY","Chenango, Delaware, Otsego, Schoharie"
New York,58,2026-05-02,0.046605857953568475,4,0.65,0.24,Decreasing,"Otsego, NY - Chenango, NY","Chenango, Delaware, Otsego, Schoharie"
New York,58,2026-05-09,-0.46873258286331443,3,0.29,0.19,Decreasing,"Otsego, NY - Chenango, NY","Chenango, Delaware, Otsego, Schoharie"
New York,58,2026-05-16,-1.6003050976268736,4,0.0,0.14,Decreasing,"Otsego, NY - Chenango, NY","Chenango, Delaware, Otsego, Schoharie"
New York,58,2026-05-23,-0.24951575174774857,3,0.06,0.09,Decreasing,"Otsego, NY - Chenango, NY","Chenango, Delaware, Otsego, Schoharie"
New York,58,2026-05-30,-0.6602969681821331,4,0.06,0.06,Decreasing,"Otsego, NY - Chenango, NY","Chenango, Delaware, Otsego, Schoharie"
New York,58,2026-06-06,-0.13737058173414418,4,0.11,0.04,Decreasing,"Otsego, NY - Chenango, NY","Chenango, Delaware, Otsego, Schoharie"
New York,58,2026-06-13,0.08036952168346283,4,0.0,0.03,Decreasing,"Otsego, NY - Chenango, NY","Chenango, Delaware, Otsego, Schoharie"
New York,58,2026-06-20,-0.0671235976887213,3,0.0,0.02,No Change,"Otsego, NY - Chenango, NY","Chenango, Delaware, Otsego, Schoharie"
New York,58,2026-06-27,-0.9668106483535879,4,0.0,0.02,No Change,"Otsego, NY - Chenango, NY","Chenango, Delaware, Otsego, Schoharie"
New York,58,2026-07-04,-1.069070926222512,3,0.0,0.02,No Change,"Otsego, NY - Chenango, NY","Chenango, Delaware, Otsego, Schoharie"
New York,58,2026-07-11,-1.0109230465726768,4,0.0,0.02,No Change,"Otsego, NY - Chenango, NY","Chenango, Delaware, Otsego, Schoharie"
New York,58,2026-07-18,-0.9541807624035713,4,0.05,0.03,Increasing,"Otsego, NY - Chenango, NY","Chenango, Delaware, Otsego, Schoharie"
New York,58,2026-07-25,-0.3496300131602448,4,0.0,0.03,Increasing,"Otsego, NY - Chenango, NY","Chenango, Delaware, Otsego, Schoharie"
New York,58,2026-08-01,-0.5078988063997519,4,0.11,0.05,Increasing,"Otsego, NY - Chenango, NY","Chenango, Delaware, Otsego, Schoharie"
New York,58,2026-08-08,0.3284622127667202,2,0.11,0.1,Increasing,"Otsego, NY - Chenango, NY","Chenango, Delaware, Otsego, Schoharie"
New York,58,2026-08-15,-0.5256011034223654,4,0.05,0.2,Increasing,"Otsego, NY - Chenango, NY","Chenango, Delaware, Otsego, Schoharie"
New York,58,2026-08-22,-0.5135121485723532,4,0.17,0.47,Increasing,"Otsego, NY - Chenango, NY","Chenango, Delaware, Otsego, Schoharie"
New York,59,2025-01-04,-2.083139537609152,2,2.11,1.42,No Change,"Oneida (Utica), NY - Madison, NY","Herkimer, Madison, Oneida"
New York,59,2025-01-11,-1.2542623211967745,7,0.95,1.37,No Change,"Oneida (Utica), NY - Madison, NY","Herkimer, Madison, Oneida"
New York,59,2025-01-18,-1.3724610969588178,8,0.91,1.27,No Change,"Oneida (Utica), NY - Madison, NY","Herkimer, Madison, Oneida"
New York,59,2025-01-25,-1.405435614286901,7,1.23,1.14,Decreasing,"Oneida (Utica), NY - Madison, NY","Herkimer, Madison, Oneida"
New York,59,2025-02-01,-1.0906281226776378,6,1.09,1.02,Decreasing,"Oneida (Utica), NY - Madison, NY","Herkimer, Madison, Oneida"
New York,59,2025-02-08,-0.07412236273081373,7,0.98,0.91,Decreasing,"Oneida (Utica), NY - Madison, NY","Herkimer, Madison, Oneida"
New York,59,2025-02-15,0.31762417899831047,7,0.8,0.82,No Change,"Oneida (Utica), NY - Madison, NY","Herkimer, Madison, Oneida"
New York,59,2025-02-22,0.4594342398608365,6,0.83,0.75,Decreasing,"Oneida (Utica), NY - Madison, NY","Herkimer, Madison, Oneida"
New York,59,2025-03-01,0.16769218777401693,8,0.72,0.7,No Change,"Oneida (Utica), NY - Madison, NY","Herkimer, Madison, Oneida"
New York,59,2025-03-08,0.14764883641689067,7,0.44,0.66,No Change,"Oneida (Utica), NY - Madison, NY","Herkimer, Madison, Oneida"
New York,59,2025-03-15,-0.0212126954949973,6,0.6,0.66,No Change,"Oneida (Utica), NY - Madison, NY","Herkimer, Madison, Oneida"
New York,59,2025-03-22,0.4723835949123686,5,0.83,0.68,No Change,"Oneida (Utica), NY - Madison, NY","Herkimer, Madison, Oneida"
New York,59,2025-03-29,0.23455369684800328,8,0.71,0.72,No Change,"Oneida (Utica), NY - Madison, NY","Herkimer, Madison, Oneida"
New York,59,2025-04-05,0.36862086614299566,6,0.86,0.74,No Change,"Oneida (Utica), NY - Madison, NY","Herkimer, Madison, Oneida"
New York,59,2025-04-12,-0.007092902734920266,7,0.61,0.69,No Change,"Oneida (Utica), NY - Madison, NY","Herkimer, Madison, Oneida"
New York,59,2025-04-19,0.17663776193231234,5,0.62,0.6,Decreasing,"Oneida (Utica), NY - Madison, NY","Herkimer, Madison, Oneida"
New York,59,2025-04-26,0.5099516570030795,5,0.54,0.5,Decreasing,"Oneida (Utica), NY - Madison, NY","Herkimer, Madison, Oneida"
New York,59,2025-05-03,0.3466428844300184,5,0.44,0.41,Decreasing,"Oneida (Utica), NY - Madison, NY","Herkimer, Madison, Oneida"
New York,59,2025-05-10,0.3945206561064056,5,0.27,0.34,Decreasing,"Oneida (Utica), NY - Madison, NY","Herkimer, Madison, Oneida"
New York,59,2025-05-17,-0.14487762707167742,6,0.34,0.29,Decreasing,"Oneida (Utica), NY - Madison, NY","Herkimer, Madison, Oneida"
New York,59,2025-05-24,-0.30350119147396576,6,0.1,0.27,No Change,"Oneida (Utica), NY - Madison, NY","Herkimer, Madison, Oneida"
New York,59,2025-05-31,0.3609187034415128,7,0.35,0.26,No Change,"Oneida (Utica), NY - Madison, NY","Herkimer, Madison, Oneida"
New York,59,2025-06-07,-0.15015431007019253,7,0.29,0.26,No Change,"Oneida (Utica), NY - Madison, NY","Herkimer, Madison, Oneida"
New York,59,2025-06-14,-0.7593611086466606,7,0.28,0.27,No Change,"Oneida (Utica), NY - Madison, NY","Herkimer, Madison, Oneida"
New York,59,2025-06-21,-0.26675976501719617,7,0.19,0.27,No Change,"Oneida (Utica), NY - Madison, NY","Herkimer, Madison, Oneida"
New York,59,2025-06-28,-0.19618131802021582,7,0.4,0.28,No Change,"Oneida (Utica), NY - Madison, NY","Herkimer, Madison, Oneida"
New York,59,2025-07-05,-0.10926168681999156,6,0.25,0.28,No Change,"Oneida (Utica), NY - Madison, NY","Herkimer, Madison, Oneida"
New York,59,2025-07-12,-0.27810351890346235,7,0.25,0.28,No Change,"Oneida (Utica), NY - Madison, NY","Herkimer, Madison, Oneida"
New York,59,2025-07-19,-0.09298802480667968,6,0.34,0.29,No Change,"Oneida (Utica), NY - Madison, NY","Herkimer, Madison, Oneida"
New York,59,2025-07-26,0.36155969154058365,7,0.23,0.32,Increasing,"Oneida (Utica), NY - Madison, NY","Herkimer, Madison, Oneida"
New York,59,2025-08-02,0.560081637461832,7,0.32,0.37,Increasing,"Oneida (Utica), NY - Madison, NY","Herkimer, Madison, Oneida"
New York,59,2025-08-09,0.2962437381550445,7,0.52,0.44,Increasing,"Oneida (Utica), NY - Madison, NY","Herkimer, Madison, Oneida"
New York,59,2025-08-16,0.7194558352452606,7,0.52,0.52,Increasing,"Oneida (Utica), NY - Madison, NY","Herkimer, Madison, Oneida"
New York,59,2025-08-23,0.888997301092555,6,0.69,0.6,Increasing,"Oneida (Utica), NY - Madison, NY","Herkimer, Madison, Oneida"
New York,59,2025-08-30,0.37294629790793626,7,0.65,0.69,Increasing,"Oneida (Utica), NY - Madison, NY","Herkimer, Madison, Oneida"
New York,59,2025-09-06,0.6148156183147723,8,0.63,0.81,Increasing,"Oneida (Utica), NY - Madison, NY","Herkimer, Madison, Oneida"
New York,59,2025-09-13,0.8956218158006315,7,0.89,0.95,No Change,"Oneida (Utica), NY - Madison, NY","Herkimer, Madison, Oneida"
New York,59,2025-09-20,0.6610594018034609,6,1.26,1.01,No Change,"Oneida (Utica), NY - Madison, NY","Herkimer, Madison, Oneida"
New York,59,2025-09-27,0.5798081521271138,6,1.11,0.93,Decreasing,"Oneida (Utica), NY - Madison, NY","Herkimer, Madison, Oneida"
New York,59,2025-10-04,0.44522724864295854,6,0.63,0.75,Decreasing,"Oneida (Utica), NY - Madison, NY","Herkimer, Madison, Oneida"
New York,59,2025-10-11,0.7179613970733699,8,0.39,0.57,Decreasing,"Oneida (Utica), NY - Madison, NY","Herkimer, Madison, Oneida"
New York,59,2025-10-18,0.5975456964266217,5,0.49,0.46,Decreasing,"Oneida (Utica), NY - Madison, NY","Herkimer, Madison, Oneida"
New York,59,2025-10-25,0.2509730348726985,7,0.53,0.41,No Change,"Oneida (Utica), NY - Madison, NY","Herkimer, Madison, Oneida"
New York,59,2025-11-01,0.004588853803004801,6,0.31,0.4,No Change,"Oneida (Utica), NY - Madison, NY","Herkimer, Madison, Oneida"
New York,59,2025-11-08,0.5926963754114624,7,0.2,0.44,Increasing,"Oneida (Utica), NY - Madison, NY","Herkimer, Madison, Oneida"
New York,59,2025-11-15,0.5834484410595395,7,0.69,0.52,Increasing,"Oneida (Utica), NY - Madison, NY","Herkimer, Madison, Oneida"
New York,59,2025-11-22,0.15026557807118499,7,0.74,0.64,Increasing,"Oneida (Utica), NY - Madison, NY","Herkimer, Madison, Oneida"
New York,59,2025-11-29,0.2683890579038676,5,0.65,0.76,Increasing,"Oneida (Utica), NY - Madison, NY","Herkimer, Madison, Oneida"
New York,59,2025-12-06,0.687192008276852,6,0.94,0.84,No Change,"Oneida (Utica), NY - Madison, NY","Herkimer, Madison, Oneida"
New York,59,2025-12-13,0.12751465655651636,7,0.97,0.88,No Change,"Oneida (Utica), NY - Madison, NY","Herkimer, Madison, Oneida"
New York,59,2025-12-20,0.23785620411354616,7,0.64,0.88,No Change,"Oneida (Utica), NY - Madison, NY","Herkimer, Madison, Oneida"
New York,59,2025-12-27,0.6294717444220068,3,0.94,0.84,No Change,"Oneida (Utica), NY - Madison, NY","Herkimer, Madison, Oneida"
New York,59,2026-01-03,0.9603490317520558,2,1.12,0.79,No Change,"Oneida (Utica), NY - Madison, NY","Herkimer, Madison, Oneida"
New York,59,2026-01-10,0.826327923532214,6,0.43,0.76,No Change,"Oneida (Utica), NY - Madison, NY","Herkimer, Madison, Oneida"
New York,59,2026-01-17,0.30726312337355355,6,0.69,0.76,No Change,"Oneida (Utica), NY - Madison, NY","Herkimer, Madison, Oneida"
New York,59,2026-01-24,0.5283888602809025,6,0.79,0.79,No Change,"Oneida (Utica), NY - Madison, NY","Herkimer, Madison, Oneida"
New York,59,2026-01-31,0.5429621760861003,2,0.84,0.86,Increasing,"Oneida (Utica), NY - Madison, NY","Herkimer, Madison, Oneida"
New York,59,2026-02-07,0.514954503292428,6,0.95,0.96,No Change,"Oneida (Utica), NY - Madison, NY","Herkimer, Madison, Oneida"
New York,59,2026-02-14,0.917240472117612,5,1.29,1.04,No Change,"Oneida (Utica), NY - Madison, NY","Herkimer, Madison, Oneida"
New York,59,2026-02-21,0.6772346145959206,3,0.82,1.0,Decreasing,"Oneida (Utica), NY - Madison, NY","Herkimer, Madison, Oneida"
New York,59,2026-02-28,0.70200161561784,7,1.04,0.87,Decreasing,"Oneida (Utica), NY - Madison, NY","Herkimer, Madison, Oneida"
New York,59,2026-03-07,0.8044000051973444,7,0.63,0.71,Decreasing,"Oneida (Utica), NY - Madison, NY","Herkimer, Madison, Oneida"
New York,59,2026-03-14,0.43359765553205776,6,0.47,0.58,Decreasing,"Oneida (Utica), NY - Madison, NY","Herkimer, Madison, Oneida"
New York,59,2026-03-21,-0.035763093150703244,6,0.49,0.5,Decreasing,"Oneida (Utica), NY - Madison, NY","Herkimer, Madison, Oneida"
New York,59,2026-03-28,0.2232817529007246,6,0.42,0.43,Decreasing,"Oneida (Utica), NY - Madison, NY","Herkimer, Madison, Oneida"
New York,59,2026-04-04,0.6291123536727222,7,0.48,0.36,Decreasing,"Oneida (Utica), NY - Madison, NY","Herkimer, Madison, Oneida"
New York,59,2026-04-11,-0.3165520601147792,7,0.34,0.28,Decreasing,"Oneida (Utica), NY - Madison, NY","Herkimer, Madison, Oneida"
New York,59,2026-04-18,-0.4095224328074194,6,0.09,0.21,Decreasing,"Oneida (Utica), NY - Madison, NY","Herkimer, Madison, Oneida"
New York,59,2026-04-25,-0.6381181389003104,6,0.17,0.16,Decreasing,"Oneida (Utica), NY - Madison, NY","Herkimer, Madison, Oneida"
New York,59,2026-05-02,-0.6065573646322147,4,0.13,0.13,Decreasing,"Oneida (Utica), NY - Madison, NY","Herkimer, Madison, Oneida"
New York,59,2026-05-09,-0.16372785905784468,6,0.13,0.1,Decreasing,"Oneida (Utica), NY - Madison, NY","Herkimer, Madison, Oneida"
New York,59,2026-05-16,-0.6840055928496285,6,0.0,0.08,Decreasing,"Oneida (Utica), NY - Madison, NY","Herkimer, Madison, Oneida"
New York,59,2026-05-23,-0.4251803129935177,7,0.09,0.07,No Change,"Oneida (Utica), NY - Madison, NY","Herkimer, Madison, Oneida"
New York,59,2026-05-30,-0.8567426913592959,5,0.12,0.05,No Change,"Oneida (Utica), NY - Madison, NY","Herkimer, Madison, Oneida"
New York,59,2026-06-06,-1.1583175032956288,5,0.06,0.04,Decreasing,"Oneida (Utica), NY - Madison, NY","Herkimer, Madison, Oneida"
New York,59,2026-06-13,-1.7471819722727862,5,0.0,0.04,No Change,"Oneida (Utica), NY - Madison, NY","Herkimer, Madison, Oneida"
New York,59,2026-06-20,-1.2900754218432577,4,0.0,0.03,No Change,"Oneida (Utica), NY - Madison, NY","Herkimer, Madison, Oneida"
New York,59,2026-06-27,-0.9906655435421103,6,0.03,0.03,No Change,"Oneida (Utica), NY - Madison, NY","Herkimer, Madison, Oneida"
New York,59,2026-07-04,-1.1559282462754086,6,0.03,0.02,No Change,"Oneida (Utica), NY - Madison, NY","Herkimer, Madison, Oneida"
New York,59,2026-07-11,-0.9033438317413925,7,0.03,0.02,No Change,"Oneida (Utica), NY - Madison, NY","Herkimer, Madison, Oneida"
New York,59,2026-07-18,-1.252266543124477,7,0.03,0.03,No Change,"Oneida (Utica), NY - Madison, NY","Herkimer, Madison, Oneida"
New York,59,2026-07-25,-0.63974351362352,7,0.03,0.03,No Change,"Oneida (Utica), NY - Madison, NY","Herkimer, Madison, Oneida"
New York,59,2026-08-01,-1.2398317873921383,7,0.12,0.04,Increasing,"Oneida (Utica), NY - Madison, NY","Herkimer, Madison, Oneida"
New York,59,2026-08-08,-0.37255263752640566,7,0.03,0.06,Increasing,"Oneida (Utica), NY - Madison, NY","Herkimer, Madison, Oneida"
New York,59,2026-08-15,0.164619645912598,6,0.03,0.13,Increasing,"Oneida (Utica), NY - Madison, NY","Herkimer, Madison, Oneida"
New York,59,2026-08-22,-0.24348581950751075,4,0.0,0.32,Increasing,"Oneida (Utica), NY - Madison, NY","Herkimer, Madison, Oneida"
New York,65,2025-01-04,-0.5481777294591983,2,2.09,1.18,Increasing,"Steuben, NY - Chemung (Elmira), NY","Chemung, Schuyler, Steuben"
New York,65,2025-01-11,-1.4200693655206917,4,0.99,1.29,No Change,"Steuben, NY - Chemung (Elmira), NY","Chemung, Schuyler, Steuben"
New York,65,2025-01-18,-0.987319043645223,4,1.04,1.32,No Change,"Steuben, NY - Chemung (Elmira), NY","Chemung, Schuyler, Steuben"
New York,65,2025-01-25,-1.4200693655206917,4,1.02,1.26,No Change,"Steuben, NY - Chemung (Elmira), NY","Chemung, Schuyler, Steuben"
New York,65,2025-02-01,-1.4200693655206917,4,1.42,1.14,Decreasing,"Steuben, NY - Chemung (Elmira), NY","Chemung, Schuyler, Steuben"
New York,65,2025-02-08,-1.4200693655206917,4,1.29,0.98,Decreasing,"Steuben, NY - Chemung (Elmira), NY","Chemung, Schuyler, Steuben"
New York,65,2025-02-15,-0.906434272081814,4,0.63,0.82,Decreasing,"Steuben, NY - Chemung (Elmira), NY","Chemung, Schuyler, Steuben"
New York,65,2025-02-22,-0.8916449361230694,4,0.63,0.68,Decreasing,"Steuben, NY - Chemung (Elmira), NY","Chemung, Schuyler, Steuben"
New York,65,2025-03-01,-0.9031878967165183,4,0.58,0.59,Decreasing,"Steuben, NY - Chemung (Elmira), NY","Chemung, Schuyler, Steuben"
New York,65,2025-03-08,0.656887820942929,1,0.49,0.53,No Change,"Steuben, NY - Chemung (Elmira), NY","Chemung, Schuyler, Steuben"
New York,65,2025-04-12,0.5952739311001264,1,0.45,0.62,No Change,"Steuben, NY - Chemung (Elmira), NY","Chemung, Schuyler, Steuben"
New York,65,2025-04-19,-0.01984951920365034,3,0.75,0.59,No Change,"Steuben, NY - Chemung (Elmira), NY","Chemung, Schuyler, Steuben"
New York,65,2025-04-26,0.7048205331182613,3,0.73,0.53,Decreasing,"Steuben, NY - Chemung (Elmira), NY","Chemung, Schuyler, Steuben"
New York,65,2025-05-03,0.6073244281137038,4,0.33,0.45,Decreasing,"Steuben, NY - Chemung (Elmira), NY","Chemung, Schuyler, Steuben"
New York,65,2025-05-10,0.6541716960042994,4,0.28,0.36,Decreasing,"Steuben, NY - Chemung (Elmira), NY","Chemung, Schuyler, Steuben"
New York,65,2025-05-17,0.3064065429640913,4,0.31,0.3,Decreasing,"Steuben, NY - Chemung (Elmira), NY","Chemung, Schuyler, Steuben"
New York,65,2025-05-24,-0.5681849035167617,2,0.14,0.25,Decreasing,"Steuben, NY - Chemung (Elmira), NY","Chemung, Schuyler, Steuben"
New York,65,2025-05-31,-0.5410210447649868,2,0.28,0.22,No Change,"Steuben, NY - Chemung (Elmira), NY","Chemung, Schuyler, Steuben"
New York,65,2025-06-07,-0.029474440740007934,2,0.23,0.21,No Change,"Steuben, NY - Chemung (Elmira), NY","Chemung, Schuyler, Steuben"
New York,65,2025-06-14,-0.21677379546955888,4,0.22,0.19,No Change,"Steuben, NY - Chemung (Elmira), NY","Chemung, Schuyler, Steuben"
New York,65,2025-06-21,0.4110606987459229,4,0.11,0.19,No Change,"Steuben, NY - Chemung (Elmira), NY","Chemung, Schuyler, Steuben"
New York,65,2025-06-28,-0.4491460400191861,4,0.17,0.19,No Change,"Steuben, NY - Chemung (Elmira), NY","Chemung, Schuyler, Steuben"
New York,65,2025-07-05,0.0069278105361411935,4,0.38,0.19,No Change,"Steuben, NY - Chemung (Elmira), NY","Chemung, Schuyler, Steuben"
New York,65,2025-07-12,-0.15961772910838457,4,0.09,0.2,No Change,"Steuben, NY - Chemung (Elmira), NY","Chemung, Schuyler, Steuben"
New York,65,2025-07-19,-0.615600112932071,4,0.13,0.21,No Change,"Steuben, NY - Chemung (Elmira), NY","Chemung, Schuyler, Steuben"
New York,65,2025-07-26,0.5298336121609525,4,0.3,0.24,Increasing,"Steuben, NY - Chemung (Elmira), NY","Chemung, Schuyler, Steuben"
New York,65,2025-08-02,0.47968045399575365,4,0.23,0.28,Increasing,"Steuben, NY - Chemung (Elmira), NY","Chemung, Schuyler, Steuben"
New York,65,2025-08-09,0.9147224477391781,2,0.37,0.33,Increasing,"Steuben, NY - Chemung (Elmira), NY","Chemung, Schuyler, Steuben"
New York,65,2025-08-16,0.8059207809722462,4,0.35,0.41,Increasing,"Steuben, NY - Chemung (Elmira), NY","Chemung, Schuyler, Steuben"
New York,65,2025-08-23,0.16451296435557453,4,0.59,0.51,Increasing,"Steuben, NY - Chemung (Elmira), NY","Chemung, Schuyler, Steuben"
New York,65,2025-08-30,0.6433442229334471,4,0.41,0.62,Increasing,"Steuben, NY - Chemung (Elmira), NY","Chemung, Schuyler, Steuben"
New York,65,2025-09-06,0.7453989939771777,4,0.82,0.74,Increasing,"Steuben, NY - Chemung (Elmira), NY","Chemung, Schuyler, Steuben"
New York,65,2025-09-13,0.9104530131613888,4,0.96,0.82,No Change,"Steuben, NY - Chemung (Elmira), NY","Chemung, Schuyler, Steuben"
New York,65,2025-09-20,0.8626134306347705,4,0.78,0.85,No Change,"Steuben, NY - Chemung (Elmira), NY","Chemung, Schuyler, Steuben"
New York,65,2025-09-27,0.8267427085123185,4,1.3,0.79,Decreasing,"Steuben, NY - Chemung (Elmira), NY","Chemung, Schuyler, Steuben"
New York,65,2025-10-04,0.8870175356310477,4,0.31,0.67,Decreasing,"Steuben, NY - Chemung (Elmira), NY","Chemung, Schuyler, Steuben"
New York,65,2025-10-11,0.6985010477251007,4,0.33,0.56,Decreasing,"Steuben, NY - Chemung (Elmira), NY","Chemung, Schuyler, Steuben"
New York,65,2025-10-18,0.7934107099347377,4,0.78,0.49,Decreasing,"Steuben, NY - Chemung (Elmira), NY","Chemung, Schuyler, Steuben"
New York,65,2025-10-25,0.15947738061464767,4,0.31,0.46,No Change,"Steuben, NY - Chemung (Elmira), NY","Chemung, Schuyler, Steuben"
New York,65,2025-11-01,0.574212046038945,2,0.49,0.47,No Change,"Steuben, NY - Chemung (Elmira), NY","Chemung, Schuyler, Steuben"
New York,65,2025-11-08,0.8075180058999254,4,0.41,0.56,Increasing,"Steuben, NY - Chemung (Elmira), NY","Chemung, Schuyler, Steuben"
New York,65,2025-11-15,0.8125150331363159,3,0.63,0.72,Increasing,"Steuben, NY - Chemung (Elmira), NY","Chemung, Schuyler, Steuben"
New York,65,2025-11-22,0.225531273482553,4,0.82,0.97,Increasing,"Steuben, NY - Chemung (Elmira), NY","Chemung, Schuyler, Steuben"
New York,65,2025-11-29,0.446851192397884,2,1.62,1.31,Increasing,"Steuben, NY - Chemung (Elmira), NY","Chemung, Schuyler, Steuben"
New York,65,2025-12-06,0.9030970025364289,4,1.67,1.68,Increasing,"Steuben, NY - Chemung (Elmira), NY","Chemung, Schuyler, Steuben"
New York,65,2025-12-13,0.9694815660512209,3,2.3,2.02,Increasing,"Steuben, NY - Chemung (Elmira), NY","Chemung, Schuyler, Steuben"
New York,65,2025-12-20,1.0454792176814134,4,2.08,2.24,No Change,"Steuben, NY - Chemung (Elmira), NY","Chemung, Schuyler, Steuben"
New York,65,2025-12-27,0.995752561217236,2,2.06,2.27,No Change,"Steuben, NY - Chemung (Elmira), NY","Chemung, Schuyler, Steuben"
New York,65,2026-01-03,0.7802407327172541,2,2.37,2.14,Decreasing,"Steuben, NY - Chemung (Elmira), NY","Chemung, Schuyler, Steuben"
New York,65,2026-01-10,0.899792340811763,4,2.16,1.9,Decreasing,"Steuben, NY - Chemung (Elmira), NY","Chemung, Schuyler, Steuben"
New York,65,2026-01-17,0.858019208493126,4,1.45,1.63,Decreasing,"Steuben, NY - Chemung (Elmira), NY","Chemung, Schuyler, Steuben"
New York,65,2026-01-24,0.9630528904182659,4,1.05,1.4,Decreasing,"Steuben, NY - Chemung (Elmira), NY","Chemung, Schuyler, Steuben"
New York,65,2026-01-31,0.7556924029969543,4,1.15,1.25,Decreasing,"Steuben, NY - Chemung (Elmira), NY","Chemung, Schuyler, Steuben"
New York,65,2026-02-07,0.8994552951519708,4,1.23,1.18,No Change,"Steuben, NY - Chemung (Elmira), NY","Chemung, Schuyler, Steuben"
New York,65,2026-02-14,0.9677859644161779,4,1.47,1.11,No Change,"Steuben, NY - Chemung (Elmira), NY","Chemung, Schuyler, Steuben"
New York,65,2026-02-21,0.7776965072908251,4,0.88,1.0,Decreasing,"Steuben, NY - Chemung (Elmira), NY","Chemung, Schuyler, Steuben"
New York,65,2026-02-28,0.5474458056712737,4,0.76,0.84,Decreasing,"Steuben, NY - Chemung (Elmira), NY","Chemung, Schuyler, Steuben"
New York,65,2026-03-07,0.6305311764432158,4,0.67,0.66,Decreasing,"Steuben, NY - Chemung (Elmira), NY","Chemung, Schuyler, Steuben"
New York,65,2026-03-14,0.523151197105637,4,0.54,0.5,Decreasing,"Steuben, NY - Chemung (Elmira), NY","Chemung, Schuyler, Steuben"
New York,65,2026-03-21,0.04709605287150268,4,0.45,0.37,Decreasing,"Steuben, NY - Chemung (Elmira), NY","Chemung, Schuyler, Steuben"
New York,65,2026-03-28,0.4723630221385153,4,0.19,0.26,Decreasing,"Steuben, NY - Chemung (Elmira), NY","Chemung, Schuyler, Steuben"
New York,65,2026-04-04,-0.07648639519622376,3,0.15,0.19,Decreasing,"Steuben, NY - Chemung (Elmira), NY","Chemung, Schuyler, Steuben"
New York,65,2026-04-11,-0.46311547435017775,4,0.15,0.13,Decreasing,"Steuben, NY - Chemung (Elmira), NY","Chemung, Schuyler, Steuben"
New York,65,2026-04-18,-0.1466990815361638,2,0.13,0.1,Decreasing,"Steuben, NY - Chemung (Elmira), NY","Chemung, Schuyler, Steuben"
New York,65,2026-04-25,-0.27894427569653035,2,0.0,0.07,Decreasing,"Steuben, NY - Chemung (Elmira), NY","Chemung, Schuyler, Steuben"
New York,65,2026-05-02,-1.4200693655206917,4,0.1,0.05,Decreasing,"Steuben, NY - Chemung (Elmira), NY","Chemung, Schuyler, Steuben"
New York,65,2026-05-09,-0.517784076838235,4,0.05,0.04,Decreasing,"Steuben, NY - Chemung (Elmira), NY","Chemung, Schuyler, Steuben"
New York,65,2026-05-16,-1.3231368350477029,3,0.0,0.03,Decreasing,"Steuben, NY - Chemung (Elmira), NY","Chemung, Schuyler, Steuben"
New York,65,2026-05-23,-0.6802698234352827,3,0.04,0.02,Decreasing,"Steuben, NY - Chemung (Elmira), NY","Chemung, Schuyler, Steuben"
New York,65,2026-05-30,-1.3231368350477029,3,0.04,0.02,No Change,"Steuben, NY - Chemung (Elmira), NY","Chemung, Schuyler, Steuben"
New York,65,2026-06-06,-0.7251150080459619,3,0.0,0.02,No Change,"Steuben, NY - Chemung (Elmira), NY","Chemung, Schuyler, Steuben"
New York,65,2026-06-13,-0.3447752749173098,4,0.0,0.01,No Change,"Steuben, NY - Chemung (Elmira), NY","Chemung, Schuyler, Steuben"
New York,65,2026-06-20,-1.4200693655206917,4,0.0,0.01,No Change,"Steuben, NY - Chemung (Elmira), NY","Chemung, Schuyler, Steuben"
New York,65,2026-06-27,-1.4200693655206917,4,0.0,0.01,No Change,"Steuben, NY - Chemung (Elmira), NY","Chemung, Schuyler, Steuben"
New York,65,2026-07-04,-1.2054772012878714,2,0.04,0.01,No Change,"Steuben, NY - Chemung (Elmira), NY","Chemung, Schuyler, Steuben"
New York,65,2026-07-11,-1.3231368350477029,3,0.0,0.02,No Change,"Steuben, NY - Chemung (Elmira), NY","Chemung, Schuyler, Steuben"
New York,65,2026-07-18,-1.3231368350477029,3,0.0,0.02,Increasing,"Steuben, NY - Chemung (Elmira), NY","Chemung, Schuyler, Steuben"
New York,65,2026-07-25,-0.2188637148044968,2,0.0,0.03,Increasing,"Steuben, NY - Chemung (Elmira), NY","Chemung, Schuyler, Steuben"
New York,65,2026-08-01,-1.3231368350477029,3,0.14,0.05,Increasing,"Steuben, NY - Chemung (Elmira), NY","Chemung, Schuyler, Steuben"
New York,65,2026-08-08,-0.5687999958520769,4,0.04,0.07,Increasing,"Steuben, NY - Chemung (Elmira), NY","Chemung, Schuyler, Steuben"
New York,65,2026-08-15,-1.0105624670821243,4,0.09,0.13,Increasing,"Steuben, NY - Chemung (Elmira), NY","Chemung, Schuyler, Steuben"
New York,65,2026-08-22,-0.18997279874334416,4,0.0,0.24,Increasing,"Steuben, NY - Chemung (Elmira), NY","Chemung, Schuyler, Steuben"
New York,76,2025-01-04,0.043887664457708815,1,1.42,1.76,No Change,"Fulton, NY - Montgomery (Amsterdam), NY","Fulton, Montgomery"
New York,76,2025-01-11,-2.26216567087885,1,1.68,1.89,No Change,"Fulton, NY - Montgomery (Amsterdam), NY","Fulton, Montgomery"
New York,76,2025-01-18,-2.26216567087885,1,2.33,1.86,No Change,"Fulton, NY - Montgomery (Amsterdam), NY","Fulton, Montgomery"
New York,76,2025-01-25,1.047923367631353,1,1.96,1.69,Decreasing,"Fulton, NY - Montgomery (Amsterdam), NY","Fulton, Montgomery"
New York,76,2025-02-01,0.8028237659258369,1,1.29,1.46,Decreasing,"Fulton, NY - Montgomery (Amsterdam), NY","Fulton, Montgomery"
New York,76,2025-02-08,0.7373405649600898,1,1.05,1.21,Decreasing,"Fulton, NY - Montgomery (Amsterdam), NY","Fulton, Montgomery"
New York,76,2025-02-15,0.7506039344217617,1,0.89,1.0,Decreasing,"Fulton, NY - Montgomery (Amsterdam), NY","Fulton, Montgomery"
New York,76,2025-02-22,0.8676023468112352,1,0.56,0.82,Decreasing,"Fulton, NY - Montgomery (Amsterdam), NY","Fulton, Montgomery"
New York,76,2025-03-01,0.5488628124747523,1,1.13,0.69,Decreasing,"Fulton, NY - Montgomery (Amsterdam), NY","Fulton, Montgomery"
New York,76,2025-03-08,0.39092775145279424,1,0.51,0.59,Decreasing,"Fulton, NY - Montgomery (Amsterdam), NY","Fulton, Montgomery"
New York,76,2025-03-15,0.5260513675084768,1,0.56,0.49,Decreasing,"Fulton, NY - Montgomery (Amsterdam), NY","Fulton, Montgomery"
New York,76,2025-03-22,0.5981505826456446,1,0.29,0.4,Decreasing,"Fulton, NY - Montgomery (Amsterdam), NY","Fulton, Montgomery"
New York,76,2025-03-29,0.36270179687709475,1,0.36,0.32,Decreasing,"Fulton, NY - Montgomery (Amsterdam), NY","Fulton, Montgomery"
New York,76,2025-04-05,0.07757686714795373,1,0.14,0.26,Decreasing,"Fulton, NY - Montgomery (Amsterdam), NY","Fulton, Montgomery"
New York,76,2025-04-12,0.4102431024425432,1,0.45,0.21,Decreasing,"Fulton, NY - Montgomery (Amsterdam), NY","Fulton, Montgomery"
New York,76,2025-04-19,0.22005898076264746,1,0.08,0.17,No Change,"Fulton, NY - Montgomery (Amsterdam), NY","Fulton, Montgomery"
New York,76,2025-04-26,0.39931279550362275,1,0.07,0.14,No Change,"Fulton, NY - Montgomery (Amsterdam), NY","Fulton, Montgomery"
New York,76,2025-05-03,0.6082400685942874,1,0.08,0.13,No Change,"Fulton, NY - Montgomery (Amsterdam), NY","Fulton, Montgomery"
New York,76,2025-05-10,-0.06490524646674002,1,0.24,0.12,No Change,"Fulton, NY - Montgomery (Amsterdam), NY","Fulton, Montgomery"
New York,76,2025-05-17,0.3538725929654968,1,0.07,0.11,No Change,"Fulton, NY - Montgomery (Amsterdam), NY","Fulton, Montgomery"
New York,76,2025-05-24,0.5494145802475312,1,0.07,0.11,No Change,"Fulton, NY - Montgomery (Amsterdam), NY","Fulton, Montgomery"
New York,76,2025-05-31,-0.06490524646674002,1,0.15,0.12,No Change,"Fulton, NY - Montgomery (Amsterdam), NY","Fulton, Montgomery"
New York,76,2025-06-07,-0.06490524646674002,1,0.14,0.12,No Change,"Fulton, NY - Montgomery (Amsterdam), NY","Fulton, Montgomery"
New York,76,2025-06-14,0.12998564959725945,1,0.15,0.13,No Change,"Fulton, NY - Montgomery (Amsterdam), NY","Fulton, Montgomery"
New York,76,2025-06-21,-0.06490524646674002,1,0.07,0.14,No Change,"Fulton, NY - Montgomery (Amsterdam), NY","Fulton, Montgomery"
New York,76,2025-06-28,-0.06490524646674002,1,0.21,0.15,No Change,"Fulton, NY - Montgomery (Amsterdam), NY","Fulton, Montgomery"
New York,76,2025-07-05,0.11835974362486167,1,0.07,0.17,No Change,"Fulton, NY - Montgomery (Amsterdam), NY","Fulton, Montgomery"
New York,76,2025-07-12,0.2119397995150823,1,0.27,0.19,No Change,"Fulton, NY - Montgomery (Amsterdam), NY","Fulton, Montgomery"
New York,76,2025-07-19,0.4698939622313179,1,0.21,0.23,No Change,"Fulton, NY - Montgomery (Amsterdam), NY","Fulton, Montgomery"
New York,76,2025-07-26,0.47139392381794665,1,0.14,0.26,No Change,"Fulton, NY - Montgomery (Amsterdam), NY","Fulton, Montgomery"
New York,76,2025-08-02,0.5947530216083214,1,0.53,0.31,No Change,"Fulton, NY - Montgomery (Amsterdam), NY","Fulton, Montgomery"
New York,76,2025-08-09,0.7611782742505933,1,0.31,0.38,Increasing,"Fulton, NY - Montgomery (Amsterdam), NY","Fulton, Montgomery"
New York,76,2025-08-16,0.5735891255531225,1,0.46,0.47,Increasing,"Fulton, NY - Montgomery (Amsterdam), NY","Fulton, Montgomery"
New York,76,2025-08-23,0.5275624750505727,1,0.47,0.59,Increasing,"Fulton, NY - Montgomery (Amsterdam), NY","Fulton, Montgomery"
New York,76,2025-08-30,0.28653917685479513,1,0.57,0.74,Increasing,"Fulton, NY - Montgomery (Amsterdam), NY","Fulton, Montgomery"
New York,76,2025-09-06,0.49426887045972046,1,1.05,0.89,Increasing,"Fulton, NY - Montgomery (Amsterdam), NY","Fulton, Montgomery"
New York,76,2025-09-13,0.7239129824747361,1,1.08,1.01,No Change,"Fulton, NY - Montgomery (Amsterdam), NY","Fulton, Montgomery"
New York,76,2025-09-20,0.894121897310585,1,1.26,1.06,No Change,"Fulton, NY - Montgomery (Amsterdam), NY","Fulton, Montgomery"
New York,76,2025-09-27,0.7250249250915289,1,0.97,0.99,No Change,"Fulton, NY - Montgomery (Amsterdam), NY","Fulton, Montgomery"
New York,76,2025-10-04,0.2896019275024343,1,0.67,0.84,Decreasing,"Fulton, NY - Montgomery (Amsterdam), NY","Fulton, Montgomery"
New York,76,2025-10-11,0.3850446789930636,1,0.83,0.68,Decreasing,"Fulton, NY - Montgomery (Amsterdam), NY","Fulton, Montgomery"
New York,76,2025-10-18,0.4575666336622667,1,0.38,0.56,Decreasing,"Fulton, NY - Montgomery (Amsterdam), NY","Fulton, Montgomery"
New York,76,2025-10-25,0.08674870352186739,1,0.51,0.49,No Change,"Fulton, NY - Montgomery (Amsterdam), NY","Fulton, Montgomery"
New York,76,2025-11-01,-0.07738088621087495,1,0.71,0.46,No Change,"Fulton, NY - Montgomery (Amsterdam), NY","Fulton, Montgomery"
New York,76,2025-11-08,0.6193798124007546,1,0.38,0.49,No Change,"Fulton, NY - Montgomery (Amsterdam), NY","Fulton, Montgomery"
New York,76,2025-11-15,0.5824597738560853,1,0.3,0.57,Increasing,"Fulton, NY - Montgomery (Amsterdam), NY","Fulton, Montgomery"
New York,76,2025-11-22,0.4575666336622667,1,0.47,0.73,Increasing,"Fulton, NY - Montgomery (Amsterdam), NY","Fulton, Montgomery"
New York,76,2025-11-29,0.4887390729043294,1,1.3,0.97,Increasing,"Fulton, NY - Montgomery (Amsterdam), NY","Fulton, Montgomery"
New York,76,2025-12-06,0.5755871409588189,1,1.33,1.3,Increasing,"Fulton, NY - Montgomery (Amsterdam), NY","Fulton, Montgomery"
New York,76,2025-12-13,0.7078157668680605,1,2.03,1.67,Increasing,"Fulton, NY - Montgomery (Amsterdam), NY","Fulton, Montgomery"
New York,76,2025-12-20,0.6900015114926397,1,1.45,1.97,Increasing,"Fulton, NY - Montgomery (Amsterdam), NY","Fulton, Montgomery"
New York,76,2025-12-27,0.7779545657666036,1,2.47,2.09,No Change,"Fulton, NY - Montgomery (Amsterdam), NY","Fulton, Montgomery"
New York,76,2026-01-03,0.7761439614115269,1,1.93,2.02,No Change,"Fulton, NY - Montgomery (Amsterdam), NY","Fulton, Montgomery"
New York,76,2026-01-10,0.5623119871661145,1,1.96,1.83,Decreasing,"Fulton, NY - Montgomery (Amsterdam), NY","Fulton, Montgomery"
New York,76,2026-01-17,0.4575666336622667,1,1.59,1.58,Decreasing,"Fulton, NY - Montgomery (Amsterdam), NY","Fulton, Montgomery"
New York,76,2026-01-24,0.7054311692910284,1,1.12,1.36,Decreasing,"Fulton, NY - Montgomery (Amsterdam), NY","Fulton, Montgomery"
New York,76,2026-01-31,0.5369918921125715,1,0.65,1.2,No Change,"Fulton, NY - Montgomery (Amsterdam), NY","Fulton, Montgomery"
New York,76,2026-02-07,0.49833914108268224,1,1.53,1.09,No Change,"Fulton, NY - Montgomery (Amsterdam), NY","Fulton, Montgomery"
New York,76,2026-02-14,0.6631973216861072,1,1.31,0.97,Decreasing,"Fulton, NY - Montgomery (Amsterdam), NY","Fulton, Montgomery"
New York,76,2026-02-21,0.5152647325202464,1,0.61,0.81,Decreasing,"Fulton, NY - Montgomery (Amsterdam), NY","Fulton, Montgomery"
New York,76,2026-02-28,0.28030139449034175,1,0.52,0.62,Decreasing,"Fulton, NY - Montgomery (Amsterdam), NY","Fulton, Montgomery"
New York,76,2026-03-07,0.2119397995150823,1,0.38,0.46,Decreasing,"Fulton, NY - Montgomery (Amsterdam), NY","Fulton, Montgomery"
New York,76,2026-03-14,0.10618006973173506,1,0.52,0.35,Decreasing,"Fulton, NY - Montgomery (Amsterdam), NY","Fulton, Montgomery"
New York,76,2026-03-21,-2.26216567087885,1,0.15,0.28,Decreasing,"Fulton, NY - Montgomery (Amsterdam), NY","Fulton, Montgomery"
New York,76,2026-03-28,0.20355438551892324,1,0.22,0.23,No Change,"Fulton, NY - Montgomery (Amsterdam), NY","Fulton, Montgomery"
New York,76,2026-04-04,0.11234240485654139,1,0.15,0.2,No Change,"Fulton, NY - Montgomery (Amsterdam), NY","Fulton, Montgomery"
New York,76,2026-04-11,-0.07738088621087495,1,0.16,0.18,No Change,"Fulton, NY - Montgomery (Amsterdam), NY","Fulton, Montgomery"
New York,76,2026-04-18,0.09986557780990206,1,0.28,0.16,No Change,"Fulton, NY - Montgomery (Amsterdam), NY","Fulton, Montgomery"
New York,76,2026-04-25,-2.26216567087885,1,0.07,0.14,No Change,"Fulton, NY - Montgomery (Amsterdam), NY","Fulton, Montgomery"
New York,76,2026-05-02,-2.26216567087885,1,0.08,0.11,No Change,"Fulton, NY - Montgomery (Amsterdam), NY","Fulton, Montgomery"
New York,76,2026-05-09,0.28030139449034175,1,0.28,0.09,Decreasing,"Fulton, NY - Montgomery (Amsterdam), NY","Fulton, Montgomery"
New York,76,2026-05-16,-2.26216567087885,1,0.0,0.07,Decreasing,"Fulton, NY - Montgomery (Amsterdam), NY","Fulton, Montgomery"
New York,76,2026-05-23,-0.07738088621087495,1,0.0,0.05,Decreasing,"Fulton, NY - Montgomery (Amsterdam), NY","Fulton, Montgomery"
New York,76,2026-05-30,-2.26216567087885,1,0.07,0.03,Decreasing,"Fulton, NY - Montgomery (Amsterdam), NY","Fulton, Montgomery"
New York,76,2026-06-06,-0.07738088621087495,1,0.0,0.02,Decreasing,"Fulton, NY - Montgomery (Amsterdam), NY","Fulton, Montgomery"
New York,76,2026-06-13,-2.26216567087885,1,0.07,0.02,No Change,"Fulton, NY - Montgomery (Amsterdam), NY","Fulton, Montgomery"
New York,76,2026-06-20,-2.26216567087885,1,0.0,0.01,No Change,"Fulton, NY - Montgomery (Amsterdam), NY","Fulton, Montgomery"
New York,76,2026-06-27,-2.26216567087885,1,0.0,0.01,No Change,"Fulton, NY - Montgomery (Amsterdam), NY","Fulton, Montgomery"
New York,76,2026-07-04,0.11234240485654139,1,0.0,0.01,No Change,"Fulton, NY - Montgomery (Amsterdam), NY","Fulton, Montgomery"
New York,76,2026-07-11,0.09339122400071453,1,0.0,0.01,No Change,"Fulton, NY - Montgomery (Amsterdam), NY","Fulton, Montgomery"
New York,76,2026-07-18,0.2119397995150823,1,0.0,0.01,No Change,"Fulton, NY - Montgomery (Amsterdam), NY","Fulton, Montgomery"
New York,76,2026-07-25,0.10618006973173506,1,0.0,0.01,Increasing,"Fulton, NY - Montgomery (Amsterdam), NY","Fulton, Montgomery"
New York,76,2026-08-01,-2.26216567087885,1,0.0,0.02,Increasing,"Fulton, NY - Montgomery (Amsterdam), NY","Fulton, Montgomery"
New York,76,2026-08-08,-2.26216567087885,1,0.07,0.05,Increasing,"Fulton, NY - Montgomery (Amsterdam), NY","Fulton, Montgomery"
New York,76,2026-08-15,-2.26216567087885,1,0.0,0.11,Increasing,"Fulton, NY - Montgomery (Amsterdam), NY","Fulton, Montgomery"
New York,76,2026-08-22,0.11234240485654139,1,0.0,0.3,Increasing,"Fulton, NY - Montgomery (Amsterdam), NY","Fulton, Montgomery"
New York,80,2025-01-04,-0.6524878364118639,4,1.2,1.09,No Change,"St. Lawrence, NY - Jefferson, NY","Jefferson, Lewis, St. Lawrence"
New York,80,2025-01-11,-1.1520532228850504,5,1.13,1.15,No Change,"St. Lawrence, NY - Jefferson, NY","Jefferson, Lewis, St. Lawrence"
New York,80,2025-01-18,-0.9718454211394383,8,1.07,1.17,No Change,"St. Lawrence, NY - Jefferson, NY","Jefferson, Lewis, St. Lawrence"
New York,80,2025-01-25,-1.1941794440878704,7,1.08,1.16,No Change,"St. Lawrence, NY - Jefferson, NY","Jefferson, Lewis, St. Lawrence"
New York,80,2025-02-01,-1.152353478726975,7,1.1,1.14,No Change,"St. Lawrence, NY - Jefferson, NY","Jefferson, Lewis, St. Lawrence"
New York,80,2025-02-08,-1.0345805272434658,6,1.1,1.13,No Change,"St. Lawrence, NY - Jefferson, NY","Jefferson, Lewis, St. Lawrence"
New York,80,2025-02-15,-1.1817682181821014,6,1.37,1.11,No Change,"St. Lawrence, NY - Jefferson, NY","Jefferson, Lewis, St. Lawrence"
New York,80,2025-02-22,-1.139216047631696,5,0.98,1.05,Decreasing,"St. Lawrence, NY - Jefferson, NY","Jefferson, Lewis, St. Lawrence"
New York,80,2025-03-01,-1.1307208090164633,6,0.87,0.94,Decreasing,"St. Lawrence, NY - Jefferson, NY","Jefferson, Lewis, St. Lawrence"
New York,80,2025-03-08,-1.1817682181821014,6,0.88,0.81,Decreasing,"St. Lawrence, NY - Jefferson, NY","Jefferson, Lewis, St. Lawrence"
New York,80,2025-03-15,-1.1425274301865855,4,0.67,0.72,Decreasing,"St. Lawrence, NY - Jefferson, NY","Jefferson, Lewis, St. Lawrence"
New York,80,2025-03-22,-1.1718681612910267,7,0.66,0.68,No Change,"St. Lawrence, NY - Jefferson, NY","Jefferson, Lewis, St. Lawrence"
New York,80,2025-03-29,-1.050767316492154,6,0.43,0.67,No Change,"St. Lawrence, NY - Jefferson, NY","Jefferson, Lewis, St. Lawrence"
New York,80,2025-04-05,0.17625907849009037,7,0.94,0.67,No Change,"St. Lawrence, NY - Jefferson, NY","Jefferson, Lewis, St. Lawrence"
New York,80,2025-04-12,0.4184062839909694,8,0.72,0.66,No Change,"St. Lawrence, NY - Jefferson, NY","Jefferson, Lewis, St. Lawrence"
New York,80,2025-04-19,0.3398688389986746,8,0.42,0.63,No Change,"St. Lawrence, NY - Jefferson, NY","Jefferson, Lewis, St. Lawrence"
New York,80,2025-04-26,0.5946076909414315,8,0.76,0.59,No Change,"St. Lawrence, NY - Jefferson, NY","Jefferson, Lewis, St. Lawrence"
New York,80,2025-05-03,0.3475007579771826,8,0.52,0.53,No Change,"St. Lawrence, NY - Jefferson, NY","Jefferson, Lewis, St. Lawrence"
New York,80,2025-05-10,-0.19527214754463218,8,0.42,0.48,No Change,"St. Lawrence, NY - Jefferson, NY","Jefferson, Lewis, St. Lawrence"
New York,80,2025-05-17,0.08693909962640259,7,0.45,0.43,No Change,"St. Lawrence, NY - Jefferson, NY","Jefferson, Lewis, St. Lawrence"
New York,80,2025-05-24,-0.6235218179865906,6,0.23,0.39,No Change,"St. Lawrence, NY - Jefferson, NY","Jefferson, Lewis, St. Lawrence"
New York,80,2025-05-31,0.4133664068887585,8,0.45,0.36,No Change,"St. Lawrence, NY - Jefferson, NY","Jefferson, Lewis, St. Lawrence"
New York,80,2025-06-07,-0.047784209573645695,7,0.54,0.32,Decreasing,"St. Lawrence, NY - Jefferson, NY","Jefferson, Lewis, St. Lawrence"
New York,80,2025-06-14,0.2436964897552308,7,0.18,0.27,Decreasing,"St. Lawrence, NY - Jefferson, NY","Jefferson, Lewis, St. Lawrence"
New York,80,2025-06-21,-0.07491457373171581,8,0.18,0.22,Decreasing,"St. Lawrence, NY - Jefferson, NY","Jefferson, Lewis, St. Lawrence"
New York,80,2025-06-28,-0.4829467326597469,8,0.18,0.2,No Change,"St. Lawrence, NY - Jefferson, NY","Jefferson, Lewis, St. Lawrence"
New York,80,2025-07-05,-0.2509983020379213,7,0.18,0.19,No Change,"St. Lawrence, NY - Jefferson, NY","Jefferson, Lewis, St. Lawrence"
New York,80,2025-07-12,-0.6169700489821569,8,0.13,0.21,No Change,"St. Lawrence, NY - Jefferson, NY","Jefferson, Lewis, St. Lawrence"
New York,80,2025-07-19,-0.0738137687466018,7,0.17,0.25,Increasing,"St. Lawrence, NY - Jefferson, NY","Jefferson, Lewis, St. Lawrence"
New York,80,2025-07-26,0.11342995402222307,8,0.39,0.31,Increasing,"St. Lawrence, NY - Jefferson, NY","Jefferson, Lewis, St. Lawrence"
New York,80,2025-08-02,0.23661038642306445,8,0.46,0.4,Increasing,"St. Lawrence, NY - Jefferson, NY","Jefferson, Lewis, St. Lawrence"
New York,80,2025-08-09,0.6020825668847435,8,0.66,0.5,Increasing,"St. Lawrence, NY - Jefferson, NY","Jefferson, Lewis, St. Lawrence"
New York,80,2025-08-16,0.29915730064926,8,0.61,0.63,Increasing,"St. Lawrence, NY - Jefferson, NY","Jefferson, Lewis, St. Lawrence"
New York,80,2025-08-23,0.5445422024928006,8,0.52,0.77,Increasing,"St. Lawrence, NY - Jefferson, NY","Jefferson, Lewis, St. Lawrence"
New York,80,2025-08-30,0.8348570941597573,8,0.79,0.93,Increasing,"St. Lawrence, NY - Jefferson, NY","Jefferson, Lewis, St. Lawrence"
New York,80,2025-09-06,0.8946297653946654,7,1.19,1.08,Increasing,"St. Lawrence, NY - Jefferson, NY","Jefferson, Lewis, St. Lawrence"
New York,80,2025-09-13,1.00113268905259,7,1.45,1.19,No Change,"St. Lawrence, NY - Jefferson, NY","Jefferson, Lewis, St. Lawrence"
New York,80,2025-09-20,0.6852660487032918,8,1.15,1.19,No Change,"St. Lawrence, NY - Jefferson, NY","Jefferson, Lewis, St. Lawrence"
New York,80,2025-09-27,0.9581089395548714,6,1.07,1.03,Decreasing,"St. Lawrence, NY - Jefferson, NY","Jefferson, Lewis, St. Lawrence"
New York,80,2025-10-04,0.5215944508929177,8,0.76,0.79,Decreasing,"St. Lawrence, NY - Jefferson, NY","Jefferson, Lewis, St. Lawrence"
New York,80,2025-10-11,0.4693903114543436,8,0.67,0.59,Decreasing,"St. Lawrence, NY - Jefferson, NY","Jefferson, Lewis, St. Lawrence"
New York,80,2025-10-18,0.8716038673769769,7,0.26,0.47,Decreasing,"St. Lawrence, NY - Jefferson, NY","Jefferson, Lewis, St. Lawrence"
New York,80,2025-10-25,0.8279876774355133,8,0.44,0.41,No Change,"St. Lawrence, NY - Jefferson, NY","Jefferson, Lewis, St. Lawrence"
New York,80,2025-11-01,0.4322747762214385,8,0.38,0.39,No Change,"St. Lawrence, NY - Jefferson, NY","Jefferson, Lewis, St. Lawrence"
New York,80,2025-11-08,0.30820876262697605,8,0.31,0.41,No Change,"St. Lawrence, NY - Jefferson, NY","Jefferson, Lewis, St. Lawrence"
New York,80,2025-11-15,0.16224768036312617,8,0.51,0.45,No Change,"St. Lawrence, NY - Jefferson, NY","Jefferson, Lewis, St. Lawrence"
New York,80,2025-11-22,0.4272319423078569,8,0.64,0.52,Increasing,"St. Lawrence, NY - Jefferson, NY","Jefferson, Lewis, St. Lawrence"
New York,80,2025-11-29,0.5677266014791206,6,0.48,0.62,Increasing,"St. Lawrence, NY - Jefferson, NY","Jefferson, Lewis, St. Lawrence"
New York,80,2025-12-06,0.9236740813155748,7,0.85,0.72,Increasing,"St. Lawrence, NY - Jefferson, NY","Jefferson, Lewis, St. Lawrence"
New York,80,2025-12-13,0.8930607635179084,7,0.67,0.81,No Change,"St. Lawrence, NY - Jefferson, NY","Jefferson, Lewis, St. Lawrence"
New York,80,2025-12-20,0.6330518508223394,6,0.9,0.87,No Change,"St. Lawrence, NY - Jefferson, NY","Jefferson, Lewis, St. Lawrence"
New York,80,2025-12-27,0.9253928460748856,3,1.15,0.91,No Change,"St. Lawrence, NY - Jefferson, NY","Jefferson, Lewis, St. Lawrence"
New York,80,2026-01-03,0.9996771635423826,3,0.96,0.95,No Change,"St. Lawrence, NY - Jefferson, NY","Jefferson, Lewis, St. Lawrence"
New York,80,2026-01-10,0.74196118988559,7,0.93,1.06,Increasing,"St. Lawrence, NY - Jefferson, NY","Jefferson, Lewis, St. Lawrence"
New York,80,2026-01-17,0.7477040361960725,8,0.89,1.27,Increasing,"St. Lawrence, NY - Jefferson, NY","Jefferson, Lewis, St. Lawrence"
New York,80,2026-01-24,0.9388976745588936,8,1.63,1.54,Increasing,"St. Lawrence, NY - Jefferson, NY","Jefferson, Lewis, St. Lawrence"
New York,80,2026-01-31,1.050450084293078,2,2.2,1.8,Increasing,"St. Lawrence, NY - Jefferson, NY","Jefferson, Lewis, St. Lawrence"
New York,80,2026-02-07,1.1965111047386512,8,1.95,1.93,No Change,"St. Lawrence, NY - Jefferson, NY","Jefferson, Lewis, St. Lawrence"
New York,80,2026-02-14,0.9287455245830359,8,1.72,1.91,No Change,"St. Lawrence, NY - Jefferson, NY","Jefferson, Lewis, St. Lawrence"
New York,80,2026-02-21,0.8264993443170822,7,1.82,1.73,Decreasing,"St. Lawrence, NY - Jefferson, NY","Jefferson, Lewis, St. Lawrence"
New York,80,2026-02-28,1.0292333941186975,7,1.42,1.44,Decreasing,"St. Lawrence, NY - Jefferson, NY","Jefferson, Lewis, St. Lawrence"
New York,80,2026-03-07,0.8973117669407025,8,1.39,1.15,Decreasing,"St. Lawrence, NY - Jefferson, NY","Jefferson, Lewis, St. Lawrence"
New York,80,2026-03-14,0.5432633801229348,8,0.64,0.91,Decreasing,"St. Lawrence, NY - Jefferson, NY","Jefferson, Lewis, St. Lawrence"
New York,80,2026-03-21,0.21801843862107864,7,0.65,0.73,Decreasing,"St. Lawrence, NY - Jefferson, NY","Jefferson, Lewis, St. Lawrence"
New York,80,2026-03-28,0.27113299764344345,8,0.72,0.59,Decreasing,"St. Lawrence, NY - Jefferson, NY","Jefferson, Lewis, St. Lawrence"
New York,80,2026-04-04,0.6719940197778441,8,0.49,0.46,Decreasing,"St. Lawrence, NY - Jefferson, NY","Jefferson, Lewis, St. Lawrence"
New York,80,2026-04-11,-0.4098858300647485,7,0.31,0.35,Decreasing,"St. Lawrence, NY - Jefferson, NY","Jefferson, Lewis, St. Lawrence"
New York,80,2026-04-18,-0.29537464055202933,8,0.32,0.26,Decreasing,"St. Lawrence, NY - Jefferson, NY","Jefferson, Lewis, St. Lawrence"
New York,80,2026-04-25,-0.2968123584081972,8,0.11,0.19,Decreasing,"St. Lawrence, NY - Jefferson, NY","Jefferson, Lewis, St. Lawrence"
New York,80,2026-05-02,-0.06536997969863963,7,0.21,0.14,Decreasing,"St. Lawrence, NY - Jefferson, NY","Jefferson, Lewis, St. Lawrence"
New York,80,2026-05-09,-0.12263766674041854,7,0.1,0.1,Decreasing,"St. Lawrence, NY - Jefferson, NY","Jefferson, Lewis, St. Lawrence"
New York,80,2026-05-16,-0.22467416706827817,7,0.04,0.07,Decreasing,"St. Lawrence, NY - Jefferson, NY","Jefferson, Lewis, St. Lawrence"
New York,80,2026-05-23,-0.5201946238323732,7,0.0,0.05,Decreasing,"St. Lawrence, NY - Jefferson, NY","Jefferson, Lewis, St. Lawrence"
New York,80,2026-05-30,-0.649039457824821,8,0.07,0.04,Decreasing,"St. Lawrence, NY - Jefferson, NY","Jefferson, Lewis, St. Lawrence"
New York,80,2026-06-06,-0.9556023664839568,6,0.03,0.03,No Change,"St. Lawrence, NY - Jefferson, NY","Jefferson, Lewis, St. Lawrence"
New York,80,2026-06-13,-0.7359585360473958,7,0.03,0.03,No Change,"St. Lawrence, NY - Jefferson, NY","Jefferson, Lewis, St. Lawrence"
New York,80,2026-06-20,-0.927022602380555,7,0.04,0.02,No Change,"St. Lawrence, NY - Jefferson, NY","Jefferson, Lewis, St. Lawrence"
New York,80,2026-06-27,-1.2087382694791005,7,0.0,0.02,No Change,"St. Lawrence, NY - Jefferson, NY","Jefferson, Lewis, St. Lawrence"
New York,80,2026-07-04,-0.956246202308019,7,0.03,0.02,No Change,"St. Lawrence, NY - Jefferson, NY","Jefferson, Lewis, St. Lawrence"
New York,80,2026-07-11,-0.21853183062825693,7,0.03,0.03,No Change,"St. Lawrence, NY - Jefferson, NY","Jefferson, Lewis, St. Lawrence"
New York,80,2026-07-18,-0.7062406255935321,7,0.03,0.03,No Change,"St. Lawrence, NY - Jefferson, NY","Jefferson, Lewis, St. Lawrence"
New York,80,2026-07-25,-0.4643855613648248,7,0.07,0.03,Increasing,"St. Lawrence, NY - Jefferson, NY","Jefferson, Lewis, St. Lawrence"
New York,80,2026-08-01,-1.1961084008689504,7,0.07,0.05,Increasing,"St. Lawrence, NY - Jefferson, NY","Jefferson, Lewis, St. Lawrence"
New York,80,2026-08-08,-0.8457526500195574,6,0.07,0.08,Increasing,"St. Lawrence, NY - Jefferson, NY","Jefferson, Lewis, St. Lawrence"
New York,80,2026-08-15,-0.4977892000233318,5,0.07,0.17,Increasing,"St. Lawrence, NY - Jefferson, NY","Jefferson, Lewis, St. Lawrence"
New York,80,2026-08-22,-0.852447235683386,5,0.11,0.39,Increasing,"St. Lawrence, NY - Jefferson, NY","Jefferson, Lewis, St. Lawrence"
New York,81,2025-01-04,-0.9889431971860497,4,1.81,1.8,No Change,"Clinton, NY - Franklin, NY","Clinton, Essex, Franklin"
New York,81,2025-01-11,-0.753420203877977,6,2.03,1.8,No Change,"Clinton, NY - Franklin, NY","Clinton, Essex, Franklin"
New York,81,2025-01-18,-0.8066713439843626,6,1.23,1.69,No Change,"Clinton, NY - Franklin, NY","Clinton, Essex, Franklin"
New York,81,2025-01-25,-1.3077533499973104,6,1.4,1.52,Decreasing,"Clinton, NY - Franklin, NY","Clinton, Essex, Franklin"
New York,81,2025-02-01,-1.4468777280844274,6,1.66,1.33,Decreasing,"Clinton, NY - Franklin, NY","Clinton, Essex, Franklin"
New York,81,2025-02-08,-1.4468777280844274,6,0.99,1.15,Decreasing,"Clinton, NY - Franklin, NY","Clinton, Essex, Franklin"
New York,81,2025-02-15,-1.1098436918978598,6,1.05,1.01,Decreasing,"Clinton, NY - Franklin, NY","Clinton, Essex, Franklin"
New York,81,2025-02-22,-1.280392987314672,6,1.02,0.91,Decreasing,"Clinton, NY - Franklin, NY","Clinton, Essex, Franklin"
New York,81,2025-03-01,-1.3166122852389113,5,0.7,0.85,No Change,"Clinton, NY - Franklin, NY","Clinton, Essex, Franklin"
New York,81,2025-03-08,-1.4936586754294936,5,0.52,0.82,No Change,"Clinton, NY - Franklin, NY","Clinton, Essex, Franklin"
New York,81,2025-03-15,-1.440015509636296,4,0.82,0.8,No Change,"Clinton, NY - Franklin, NY","Clinton, Essex, Franklin"
New York,81,2025-03-22,-1.440015509636296,4,1.01,0.78,No Change,"Clinton, NY - Franklin, NY","Clinton, Essex, Franklin"
New York,81,2025-03-29,-1.440015509636296,4,0.86,0.74,No Change,"Clinton, NY - Franklin, NY","Clinton, Essex, Franklin"
New York,81,2025-04-05,0.2630436856646906,6,0.69,0.68,Decreasing,"Clinton, NY - Franklin, NY","Clinton, Essex, Franklin"
New York,81,2025-04-12,0.046687283379191924,6,0.59,0.6,Decreasing,"Clinton, NY - Franklin, NY","Clinton, Essex, Franklin"
New York,81,2025-04-19,0.2748526150141964,6,0.43,0.51,Decreasing,"Clinton, NY - Franklin, NY","Clinton, Essex, Franklin"
New York,81,2025-04-26,0.4553871014467165,6,0.44,0.43,Decreasing,"Clinton, NY - Franklin, NY","Clinton, Essex, Franklin"
New York,81,2025-05-03,0.3944613030332835,6,0.3,0.36,Decreasing,"Clinton, NY - Franklin, NY","Clinton, Essex, Franklin"
New York,81,2025-05-10,-0.43183074150423745,6,0.29,0.31,Decreasing,"Clinton, NY - Franklin, NY","Clinton, Essex, Franklin"
New York,81,2025-05-17,-0.1904194946164188,6,0.34,0.27,Decreasing,"Clinton, NY - Franklin, NY","Clinton, Essex, Franklin"
New York,81,2025-05-24,0.6319723881061486,5,0.37,0.22,Decreasing,"Clinton, NY - Franklin, NY","Clinton, Essex, Franklin"
New York,81,2025-05-31,0.34857612122229925,5,0.17,0.19,Decreasing,"Clinton, NY - Franklin, NY","Clinton, Essex, Franklin"
New York,81,2025-06-07,0.190798309892908,5,0.11,0.16,Decreasing,"Clinton, NY - Franklin, NY","Clinton, Essex, Franklin"
New York,81,2025-06-14,0.1772498847428919,6,0.06,0.14,No Change,"Clinton, NY - Franklin, NY","Clinton, Essex, Franklin"
New York,81,2025-06-21,0.07007864890865798,5,0.17,0.13,No Change,"Clinton, NY - Franklin, NY","Clinton, Essex, Franklin"
New York,81,2025-06-28,0.5764477613802291,6,0.0,0.14,No Change,"Clinton, NY - Franklin, NY","Clinton, Essex, Franklin"
New York,81,2025-07-05,0.5813504338932018,5,0.21,0.15,No Change,"Clinton, NY - Franklin, NY","Clinton, Essex, Franklin"
New York,81,2025-07-12,0.08902753077804422,6,0.0,0.18,Increasing,"Clinton, NY - Franklin, NY","Clinton, Essex, Franklin"
New York,81,2025-07-19,0.061215070541581616,6,0.37,0.22,Increasing,"Clinton, NY - Franklin, NY","Clinton, Essex, Franklin"
New York,81,2025-07-26,0.05758433814301394,6,0.31,0.28,Increasing,"Clinton, NY - Franklin, NY","Clinton, Essex, Franklin"
New York,81,2025-08-02,0.10656326400136784,6,0.26,0.34,Increasing,"Clinton, NY - Franklin, NY","Clinton, Essex, Franklin"
New York,81,2025-08-09,0.6491955830011085,6,0.48,0.41,Increasing,"Clinton, NY - Franklin, NY","Clinton, Essex, Franklin"
New York,81,2025-08-16,0.06671402827121278,6,0.54,0.48,Increasing,"Clinton, NY - Franklin, NY","Clinton, Essex, Franklin"
New York,81,2025-08-23,0.6447144160156371,6,0.46,0.53,No Change,"Clinton, NY - Franklin, NY","Clinton, Essex, Franklin"
New York,81,2025-08-30,0.856461045658031,6,0.71,0.55,No Change,"Clinton, NY - Franklin, NY","Clinton, Essex, Franklin"
New York,81,2025-09-06,0.9123567681866988,6,0.59,0.54,No Change,"Clinton, NY - Franklin, NY","Clinton, Essex, Franklin"
New York,81,2025-09-13,0.7273853341154725,6,0.54,0.5,No Change,"Clinton, NY - Franklin, NY","Clinton, Essex, Franklin"
New York,81,2025-09-20,0.5684236928694687,6,0.4,0.47,No Change,"Clinton, NY - Franklin, NY","Clinton, Essex, Franklin"
New York,81,2025-09-27,0.764063277497027,6,0.39,0.45,No Change,"Clinton, NY - Franklin, NY","Clinton, Essex, Franklin"
New York,81,2025-10-04,0.3491687094535047,6,0.23,0.46,No Change,"Clinton, NY - Franklin, NY","Clinton, Essex, Franklin"
New York,81,2025-10-11,0.03398908439294094,6,0.56,0.48,No Change,"Clinton, NY - Franklin, NY","Clinton, Essex, Franklin"
New York,81,2025-10-18,0.5497470608267537,6,0.69,0.52,No Change,"Clinton, NY - Franklin, NY","Clinton, Essex, Franklin"
New York,81,2025-10-25,0.3409104950539737,6,0.53,0.58,No Change,"Clinton, NY - Franklin, NY","Clinton, Essex, Franklin"
New York,81,2025-11-01,0.8490282042160787,6,0.38,0.65,Increasing,"Clinton, NY - Franklin, NY","Clinton, Essex, Franklin"
New York,81,2025-11-08,0.721532898436102,5,1.04,0.72,Increasing,"Clinton, NY - Franklin, NY","Clinton, Essex, Franklin"
New York,81,2025-11-15,0.7814573087115391,5,0.62,0.81,No Change,"Clinton, NY - Franklin, NY","Clinton, Essex, Franklin"
New York,81,2025-11-22,0.8004912969251746,6,1.0,0.9,No Change,"Clinton, NY - Franklin, NY","Clinton, Essex, Franklin"
New York,81,2025-11-29,0.6681953417019684,4,1.39,0.98,No Change,"Clinton, NY - Franklin, NY","Clinton, Essex, Franklin"
New York,81,2025-12-06,0.25245141675105104,6,0.49,1.06,No Change,"Clinton, NY - Franklin, NY","Clinton, Essex, Franklin"
New York,81,2025-12-13,0.6930062649473974,6,1.29,1.14,No Change,"Clinton, NY - Franklin, NY","Clinton, Essex, Franklin"
New York,81,2025-12-20,0.6041726215837707,5,1.08,1.25,Increasing,"Clinton, NY - Franklin, NY","Clinton, Essex, Franklin"
New York,81,2025-12-27,0.7275902507472481,4,1.49,1.37,No Change,"Clinton, NY - Franklin, NY","Clinton, Essex, Franklin"
New York,81,2026-01-03,0.9862934794170825,3,1.59,1.49,No Change,"Clinton, NY - Franklin, NY","Clinton, Essex, Franklin"
New York,81,2026-01-10,1.056983163462955,5,1.52,1.56,No Change,"Clinton, NY - Franklin, NY","Clinton, Essex, Franklin"
New York,81,2026-01-17,0.9315859315183476,6,1.34,1.56,No Change,"Clinton, NY - Franklin, NY","Clinton, Essex, Franklin"
New York,81,2026-01-24,0.5737091735446493,6,2.03,1.5,No Change,"Clinton, NY - Franklin, NY","Clinton, Essex, Franklin"
New York,81,2026-01-31,0.5575816183434504,5,1.2,1.38,Decreasing,"Clinton, NY - Franklin, NY","Clinton, Essex, Franklin"
New York,81,2026-02-07,1.1790664097663526,6,1.18,1.23,Decreasing,"Clinton, NY - Franklin, NY","Clinton, Essex, Franklin"
New York,81,2026-02-14,0.9601051485077575,6,0.9,1.07,Decreasing,"Clinton, NY - Franklin, NY","Clinton, Essex, Franklin"
New York,81,2026-02-21,0.7539048891529423,6,1.03,0.93,Decreasing,"Clinton, NY - Franklin, NY","Clinton, Essex, Franklin"
New York,81,2026-02-28,0.8505810528802762,6,0.71,0.8,Decreasing,"Clinton, NY - Franklin, NY","Clinton, Essex, Franklin"
New York,81,2026-03-07,0.8700412241273671,6,0.83,0.68,Decreasing,"Clinton, NY - Franklin, NY","Clinton, Essex, Franklin"
New York,81,2026-03-14,0.3398288393723157,6,0.55,0.57,Decreasing,"Clinton, NY - Franklin, NY","Clinton, Essex, Franklin"
New York,81,2026-03-21,0.5121729021061909,6,0.45,0.46,Decreasing,"Clinton, NY - Franklin, NY","Clinton, Essex, Franklin"
New York,81,2026-03-28,0.6195954252674369,6,0.44,0.37,Decreasing,"Clinton, NY - Franklin, NY","Clinton, Essex, Franklin"
New York,81,2026-04-04,0.2915710836055194,6,0.12,0.29,Decreasing,"Clinton, NY - Franklin, NY","Clinton, Essex, Franklin"
New York,81,2026-04-11,-0.4354764021573372,6,0.25,0.23,Decreasing,"Clinton, NY - Franklin, NY","Clinton, Essex, Franklin"
New York,81,2026-04-18,-0.5261336390046801,6,0.23,0.18,Decreasing,"Clinton, NY - Franklin, NY","Clinton, Essex, Franklin"
New York,81,2026-04-25,-0.3768681748946874,6,0.12,0.15,Decreasing,"Clinton, NY - Franklin, NY","Clinton, Essex, Franklin"
New York,81,2026-05-02,-0.4144342417223928,6,0.17,0.12,Decreasing,"Clinton, NY - Franklin, NY","Clinton, Essex, Franklin"
New York,81,2026-05-09,-0.3376878986896035,5,0.06,0.09,Decreasing,"Clinton, NY - Franklin, NY","Clinton, Essex, Franklin"
New York,81,2026-05-16,-0.4464132835822521,6,0.06,0.07,Decreasing,"Clinton, NY - Franklin, NY","Clinton, Essex, Franklin"
New York,81,2026-05-23,-0.7866185184139941,6,0.16,0.05,Decreasing,"Clinton, NY - Franklin, NY","Clinton, Essex, Franklin"
New York,81,2026-05-30,-1.1165847763100532,5,0.0,0.04,Decreasing,"Clinton, NY - Franklin, NY","Clinton, Essex, Franklin"
New York,81,2026-06-06,-1.144354563416101,6,0.06,0.03,Decreasing,"Clinton, NY - Franklin, NY","Clinton, Essex, Franklin"
New York,81,2026-06-13,-0.5722118941788821,6,0.0,0.03,No Change,"Clinton, NY - Franklin, NY","Clinton, Essex, Franklin"
New York,81,2026-06-20,-0.524843019125862,6,0.0,0.02,No Change,"Clinton, NY - Franklin, NY","Clinton, Essex, Franklin"
New York,81,2026-06-27,-0.7713430125574493,5,0.05,0.02,No Change,"Clinton, NY - Franklin, NY","Clinton, Essex, Franklin"
New York,81,2026-07-04,-0.5122361254573632,6,0.0,0.02,No Change,"Clinton, NY - Franklin, NY","Clinton, Essex, Franklin"
New York,81,2026-07-11,-0.7940601270448878,6,0.0,0.02,No Change,"Clinton, NY - Franklin, NY","Clinton, Essex, Franklin"
New York,81,2026-07-18,-0.5647976483508191,6,0.0,0.03,Increasing,"Clinton, NY - Franklin, NY","Clinton, Essex, Franklin"
New York,81,2026-07-25,-0.6139795790657592,5,0.0,0.04,Increasing,"Clinton, NY - Franklin, NY","Clinton, Essex, Franklin"
New York,81,2026-08-01,-0.5264211055424036,4,0.05,0.06,Increasing,"Clinton, NY - Franklin, NY","Clinton, Essex, Franklin"
New York,81,2026-08-08,-0.43378460996287166,5,0.11,0.1,Increasing,"Clinton, NY - Franklin, NY","Clinton, Essex, Franklin"
New York,81,2026-08-15,-0.23256506276041228,5,0.1,0.18,Increasing,"Clinton, NY - Franklin, NY","Clinton, Essex, Franklin"
New York,81,2026-08-22,-0.7106963896125018,3,0.05,0.37,Increasing,"Clinton, NY - Franklin, NY","Clinton, Essex, Franklin"
New York,83,2025-01-04,0.914446404799009,7,1.39,1.24,No Change,"Suffolk, NY - Nassau, NY","Nassau, Suffolk"
New York,83,2025-01-11,0.950103871399476,15,1.3,1.27,No Change,"Suffolk, NY - Nassau, NY","Nassau, Suffolk"
New York,83,2025-01-18,0.5600240888681031,16,1.1,1.27,No Change,"Suffolk, NY - Nassau, NY","Nassau, Suffolk"
New York,83,2025-01-25,0.8364271936179658,11,1.2,1.26,No Change,"Suffolk, NY - Nassau, NY","Nassau, Suffolk"
New York,83,2025-02-01,0.926976529618479,12,1.23,1.23,No Change,"Suffolk, NY - Nassau, NY","Nassau, Suffolk"
New York,83,2025-02-08,0.723691242742831,14,1.3,1.19,No Change,"Suffolk, NY - Nassau, NY","Nassau, Suffolk"
New York,83,2025-02-15,0.6364600754134216,13,1.22,1.14,No Change,"Suffolk, NY - Nassau, NY","Nassau, Suffolk"
New York,83,2025-02-22,0.5286545538270421,14,0.99,1.1,Decreasing,"Suffolk, NY - Nassau, NY","Nassau, Suffolk"
New York,83,2025-03-01,0.4230976005246592,16,1.11,1.06,No Change,"Suffolk, NY - Nassau, NY","Nassau, Suffolk"
New York,83,2025-03-08,0.5148533937597061,15,0.83,1.04,No Change,"Suffolk, NY - Nassau, NY","Nassau, Suffolk"
New York,83,2025-03-15,0.7517635862152844,16,1.27,1.05,Increasing,"Suffolk, NY - Nassau, NY","Nassau, Suffolk"
New York,83,2025-03-22,0.6281093435743004,15,1.04,1.11,Increasing,"Suffolk, NY - Nassau, NY","Nassau, Suffolk"
New York,83,2025-03-29,0.7805221141581226,16,1.22,1.2,Increasing,"Suffolk, NY - Nassau, NY","Nassau, Suffolk"
New York,83,2025-04-05,0.7553443075524537,14,1.19,1.27,Increasing,"Suffolk, NY - Nassau, NY","Nassau, Suffolk"
New York,83,2025-04-12,0.6628095952120974,16,1.37,1.28,No Change,"Suffolk, NY - Nassau, NY","Nassau, Suffolk"
New York,83,2025-04-19,0.6272223663618873,14,1.17,1.21,Decreasing,"Suffolk, NY - Nassau, NY","Nassau, Suffolk"
New York,83,2025-04-26,0.20328265875054086,16,1.17,1.06,Decreasing,"Suffolk, NY - Nassau, NY","Nassau, Suffolk"
New York,83,2025-05-03,0.3766841679420382,16,0.79,0.87,Decreasing,"Suffolk, NY - Nassau, NY","Nassau, Suffolk"
New York,83,2025-05-10,0.21694020798281327,16,0.65,0.7,Decreasing,"Suffolk, NY - Nassau, NY","Nassau, Suffolk"
New York,83,2025-05-17,0.3012662520651231,16,0.61,0.58,Decreasing,"Suffolk, NY - Nassau, NY","Nassau, Suffolk"
New York,83,2025-05-24,-0.2279119795946194,16,0.51,0.53,No Change,"Suffolk, NY - Nassau, NY","Nassau, Suffolk"
New York,83,2025-05-31,0.24886928208445314,16,0.59,0.53,No Change,"Suffolk, NY - Nassau, NY","Nassau, Suffolk"
New York,83,2025-06-07,0.10528807769635905,16,0.52,0.53,No Change,"Suffolk, NY - Nassau, NY","Nassau, Suffolk"
New York,83,2025-06-14,-0.42236276847576903,14,0.5,0.51,Decreasing,"Suffolk, NY - Nassau, NY","Nassau, Suffolk"
New York,83,2025-06-21,0.2696264211951555,14,0.45,0.47,Decreasing,"Suffolk, NY - Nassau, NY","Nassau, Suffolk"
New York,83,2025-06-28,-0.5822290437490883,16,0.49,0.44,No Change,"Suffolk, NY - Nassau, NY","Nassau, Suffolk"
New York,83,2025-07-05,0.14874220417749254,16,0.39,0.44,No Change,"Suffolk, NY - Nassau, NY","Nassau, Suffolk"
New York,83,2025-07-12,-0.2025954481176554,16,0.47,0.47,Increasing,"Suffolk, NY - Nassau, NY","Nassau, Suffolk"
New York,83,2025-07-19,0.1217572214392232,14,0.52,0.51,Increasing,"Suffolk, NY - Nassau, NY","Nassau, Suffolk"
New York,83,2025-07-26,0.4077444032112351,16,0.57,0.57,Increasing,"Suffolk, NY - Nassau, NY","Nassau, Suffolk"
New York,83,2025-08-02,0.345987395687037,15,0.65,0.64,Increasing,"Suffolk, NY - Nassau, NY","Nassau, Suffolk"
New York,83,2025-08-09,-0.06549757696780109,14,0.72,0.71,Increasing,"Suffolk, NY - Nassau, NY","Nassau, Suffolk"
New York,83,2025-08-16,0.05779019924562338,13,0.72,0.78,Increasing,"Suffolk, NY - Nassau, NY","Nassau, Suffolk"
New York,83,2025-08-23,0.31895192497086383,12,0.91,0.86,Increasing,"Suffolk, NY - Nassau, NY","Nassau, Suffolk"
New York,83,2025-08-30,-0.14329331844580867,14,0.97,0.93,Increasing,"Suffolk, NY - Nassau, NY","Nassau, Suffolk"
New York,83,2025-09-06,0.4423998400941273,12,0.96,0.98,Increasing,"Suffolk, NY - Nassau, NY","Nassau, Suffolk"
New York,83,2025-09-13,0.18217786002676714,14,0.92,1.01,No Change,"Suffolk, NY - Nassau, NY","Nassau, Suffolk"
New York,83,2025-09-20,0.3576871760628989,15,1.05,0.98,Decreasing,"Suffolk, NY - Nassau, NY","Nassau, Suffolk"
New York,83,2025-09-27,0.15498950913072726,12,0.87,0.88,Decreasing,"Suffolk, NY - Nassau, NY","Nassau, Suffolk"
New York,83,2025-10-04,0.08444556250523741,13,0.74,0.74,Decreasing,"Suffolk, NY - Nassau, NY","Nassau, Suffolk"
New York,83,2025-10-11,0.18903294782638996,13,0.69,0.61,Decreasing,"Suffolk, NY - Nassau, NY","Nassau, Suffolk"
New York,83,2025-10-18,-0.010074473121302217,13,0.39,0.52,Decreasing,"Suffolk, NY - Nassau, NY","Nassau, Suffolk"
New York,83,2025-10-25,-0.17260890848127966,14,0.46,0.45,Decreasing,"Suffolk, NY - Nassau, NY","Nassau, Suffolk"
New York,83,2025-11-01,0.13674115341045756,13,0.48,0.42,Decreasing,"Suffolk, NY - Nassau, NY","Nassau, Suffolk"
New York,83,2025-11-08,-0.15869016303002018,13,0.41,0.4,No Change,"Suffolk, NY - Nassau, NY","Nassau, Suffolk"
New York,83,2025-11-15,0.0663635358784586,12,0.38,0.41,No Change,"Suffolk, NY - Nassau, NY","Nassau, Suffolk"
New York,83,2025-11-22,0.15741610546715476,14,0.39,0.44,Increasing,"Suffolk, NY - Nassau, NY","Nassau, Suffolk"
New York,83,2025-11-29,0.27299704264770663,11,0.44,0.48,Increasing,"Suffolk, NY - Nassau, NY","Nassau, Suffolk"
New York,83,2025-12-06,0.25145231804979334,14,0.65,0.54,Increasing,"Suffolk, NY - Nassau, NY","Nassau, Suffolk"
New York,83,2025-12-13,0.04048610075600695,12,0.62,0.6,Increasing,"Suffolk, NY - Nassau, NY","Nassau, Suffolk"
New York,83,2025-12-20,0.32872385123432557,12,0.55,0.65,Increasing,"Suffolk, NY - Nassau, NY","Nassau, Suffolk"
New York,83,2025-12-27,0.38119371202662217,13,0.67,0.68,No Change,"Suffolk, NY - Nassau, NY","Nassau, Suffolk"
New York,83,2026-01-03,0.025136330494505744,12,0.71,0.66,Decreasing,"Suffolk, NY - Nassau, NY","Nassau, Suffolk"
New York,83,2026-01-10,0.11829139615196503,13,0.61,0.6,Decreasing,"Suffolk, NY - Nassau, NY","Nassau, Suffolk"
New York,83,2026-01-17,-0.06694568259305861,14,0.52,0.51,Decreasing,"Suffolk, NY - Nassau, NY","Nassau, Suffolk"
New York,83,2026-01-24,0.09564031769659366,12,0.36,0.44,Decreasing,"Suffolk, NY - Nassau, NY","Nassau, Suffolk"
New York,83,2026-01-31,-0.1521290452064092,12,0.44,0.42,No Change,"Suffolk, NY - Nassau, NY","Nassau, Suffolk"
New York,83,2026-02-07,0.09485693505561033,13,0.43,0.43,No Change,"Suffolk, NY - Nassau, NY","Nassau, Suffolk"
New York,83,2026-02-14,0.04434600385408018,13,0.48,0.46,No Change,"Suffolk, NY - Nassau, NY","Nassau, Suffolk"
New York,83,2026-02-21,0.4020652775494524,13,0.55,0.47,No Change,"Suffolk, NY - Nassau, NY","Nassau, Suffolk"
New York,83,2026-02-28,0.22109008115211973,12,0.35,0.47,No Change,"Suffolk, NY - Nassau, NY","Nassau, Suffolk"
New York,83,2026-03-07,0.002007939202250363,13,0.44,0.46,No Change,"Suffolk, NY - Nassau, NY","Nassau, Suffolk"
New York,83,2026-03-14,-0.013100559400431635,13,0.49,0.48,Increasing,"Suffolk, NY - Nassau, NY","Nassau, Suffolk"
New York,83,2026-03-21,-0.04663967686984498,14,0.56,0.53,Increasing,"Suffolk, NY - Nassau, NY","Nassau, Suffolk"
New York,83,2026-03-28,0.30307380872471484,13,0.63,0.57,No Change,"Suffolk, NY - Nassau, NY","Nassau, Suffolk"
New York,83,2026-04-04,0.17411605186995174,15,0.49,0.55,Decreasing,"Suffolk, NY - Nassau, NY","Nassau, Suffolk"
New York,83,2026-04-11,-0.4967856905405841,15,0.46,0.46,Decreasing,"Suffolk, NY - Nassau, NY","Nassau, Suffolk"
New York,83,2026-04-18,-0.3768764553232755,16,0.37,0.35,Decreasing,"Suffolk, NY - Nassau, NY","Nassau, Suffolk"
New York,83,2026-04-25,-1.209197853729629,16,0.26,0.26,Decreasing,"Suffolk, NY - Nassau, NY","Nassau, Suffolk"
New York,83,2026-05-02,-0.4289574277185724,14,0.21,0.21,Decreasing,"Suffolk, NY - Nassau, NY","Nassau, Suffolk"
New York,83,2026-05-09,-0.53765866299256,15,0.17,0.17,Decreasing,"Suffolk, NY - Nassau, NY","Nassau, Suffolk"
New York,83,2026-05-16,-1.0283395319567523,15,0.14,0.15,Decreasing,"Suffolk, NY - Nassau, NY","Nassau, Suffolk"
New York,83,2026-05-23,-0.8660039765955344,15,0.13,0.13,Decreasing,"Suffolk, NY - Nassau, NY","Nassau, Suffolk"
New York,83,2026-05-30,-0.9549333821152314,13,0.13,0.12,Decreasing,"Suffolk, NY - Nassau, NY","Nassau, Suffolk"
New York,83,2026-06-06,-1.3085218659760336,14,0.09,0.1,Decreasing,"Suffolk, NY - Nassau, NY","Nassau, Suffolk"
New York,83,2026-06-13,-1.9798346280854144,15,0.08,0.08,Decreasing,"Suffolk, NY - Nassau, NY","Nassau, Suffolk"
New York,83,2026-06-20,-2.1175514896205456,15,0.07,0.07,No Change,"Suffolk, NY - Nassau, NY","Nassau, Suffolk"
New York,83,2026-06-27,-0.7472506889623397,15,0.05,0.07,Increasing,"Suffolk, NY - Nassau, NY","Nassau, Suffolk"
New York,83,2026-07-04,-0.5602208837897372,16,0.11,0.1,Increasing,"Suffolk, NY - Nassau, NY","Nassau, Suffolk"
New York,83,2026-07-11,-0.49111341094510463,15,0.1,0.15,Increasing,"Suffolk, NY - Nassau, NY","Nassau, Suffolk"
New York,83,2026-07-18,-0.5145048792742217,14,0.16,0.17,No Change,"Suffolk, NY - Nassau, NY","Nassau, Suffolk"
New York,83,2026-07-25,-0.716227373064142,14,0.18,0.14,Decreasing,"Suffolk, NY - Nassau, NY","Nassau, Suffolk"
New York,83,2026-08-01,0.03820428909244321,16,0.18,0.11,Decreasing,"Suffolk, NY - Nassau, NY","Nassau, Suffolk"
New York,83,2026-08-08,-0.0899158872959315,15,0.31,0.13,Increasing,"Suffolk, NY - Nassau, NY","Nassau, Suffolk"
New York,83,2026-08-15,-0.5439164123201529,5,0.28,0.26,Increasing,"Suffolk, NY - Nassau, NY","Nassau, Suffolk"
New York,86,2025-01-04,-1.455378963856172,8,1.95,1.68,Increasing,"Orange (Newburgh), NY - Sullivan, NY","Orange, Sullivan"
New York,86,2025-01-11,-1.1979237998824106,9,1.53,1.75,No Change,"Orange (Newburgh), NY - Sullivan, NY","Orange, Sullivan"
New York,86,2025-01-18,-1.0845905322855316,10,1.69,1.65,Decreasing,"Orange (Newburgh), NY - Sullivan, NY","Orange, Sullivan"
New York,86,2025-01-25,-1.3969621456471943,8,1.39,1.45,Decreasing,"Orange (Newburgh), NY - Sullivan, NY","Orange, Sullivan"
New York,86,2025-02-01,-1.2685835822631923,5,1.26,1.25,Decreasing,"Orange (Newburgh), NY - Sullivan, NY","Orange, Sullivan"
New York,86,2025-02-08,-1.0440960146757867,7,1.02,1.11,Decreasing,"Orange (Newburgh), NY - Sullivan, NY","Orange, Sullivan"
New York,86,2025-02-15,-1.4128470129237036,8,1.19,1.02,No Change,"Orange (Newburgh), NY - Sullivan, NY","Orange, Sullivan"
New York,86,2025-02-22,-1.3450457614637386,10,0.86,0.98,No Change,"Orange (Newburgh), NY - Sullivan, NY","Orange, Sullivan"
New York,86,2025-03-01,-1.41330589703725,9,1.03,0.98,No Change,"Orange (Newburgh), NY - Sullivan, NY","Orange, Sullivan"
New York,86,2025-03-08,-1.4159400991282165,7,0.88,1.01,No Change,"Orange (Newburgh), NY - Sullivan, NY","Orange, Sullivan"
New York,86,2025-03-15,-1.4038636235138213,8,1.07,1.06,No Change,"Orange (Newburgh), NY - Sullivan, NY","Orange, Sullivan"
New York,86,2025-03-22,-1.4326439867053222,8,1.16,1.11,No Change,"Orange (Newburgh), NY - Sullivan, NY","Orange, Sullivan"
New York,86,2025-03-29,-1.4258037176536957,8,1.21,1.14,No Change,"Orange (Newburgh), NY - Sullivan, NY","Orange, Sullivan"
New York,86,2025-04-05,-1.41330589703725,9,1.24,1.14,No Change,"Orange (Newburgh), NY - Sullivan, NY","Orange, Sullivan"
New York,86,2025-04-12,-1.4511120756438887,9,0.68,1.07,No Change,"Orange (Newburgh), NY - Sullivan, NY","Orange, Sullivan"
New York,86,2025-04-19,-1.4128470129237036,8,1.36,0.97,Decreasing,"Orange (Newburgh), NY - Sullivan, NY","Orange, Sullivan"
New York,86,2025-04-26,-1.4515005271472559,3,0.72,0.82,Decreasing,"Orange (Newburgh), NY - Sullivan, NY","Orange, Sullivan"
New York,86,2025-05-03,-1.4012223259908014,6,0.73,0.67,Decreasing,"Orange (Newburgh), NY - Sullivan, NY","Orange, Sullivan"
New York,86,2025-05-10,-1.449826380628182,5,0.53,0.54,Decreasing,"Orange (Newburgh), NY - Sullivan, NY","Orange, Sullivan"
New York,86,2025-05-17,-0.7980068861089707,7,0.3,0.45,Decreasing,"Orange (Newburgh), NY - Sullivan, NY","Orange, Sullivan"
New York,86,2025-05-24,-1.0706992846357772,6,0.42,0.4,No Change,"Orange (Newburgh), NY - Sullivan, NY","Orange, Sullivan"
New York,86,2025-05-31,-0.2945377609139786,6,0.43,0.38,No Change,"Orange (Newburgh), NY - Sullivan, NY","Orange, Sullivan"
New York,86,2025-06-07,0.3033581740324053,10,0.36,0.37,No Change,"Orange (Newburgh), NY - Sullivan, NY","Orange, Sullivan"
New York,86,2025-06-14,0.378028560905882,10,0.4,0.37,No Change,"Orange (Newburgh), NY - Sullivan, NY","Orange, Sullivan"
New York,86,2025-06-21,0.44207748429035665,10,0.35,0.37,No Change,"Orange (Newburgh), NY - Sullivan, NY","Orange, Sullivan"
New York,86,2025-06-28,0.5265360693988634,10,0.42,0.38,No Change,"Orange (Newburgh), NY - Sullivan, NY","Orange, Sullivan"
New York,86,2025-07-05,0.5553811728619465,9,0.27,0.38,No Change,"Orange (Newburgh), NY - Sullivan, NY","Orange, Sullivan"
New York,86,2025-07-12,0.5567213264326514,9,0.55,0.4,No Change,"Orange (Newburgh), NY - Sullivan, NY","Orange, Sullivan"
New York,86,2025-07-19,0.4813718271867653,9,0.39,0.42,No Change,"Orange (Newburgh), NY - Sullivan, NY","Orange, Sullivan"
New York,86,2025-07-26,0.6492921472356858,10,0.36,0.44,No Change,"Orange (Newburgh), NY - Sullivan, NY","Orange, Sullivan"
New York,86,2025-08-02,0.5703844732703272,10,0.59,0.48,No Change,"Orange (Newburgh), NY - Sullivan, NY","Orange, Sullivan"
New York,86,2025-08-09,0.5552916150466233,10,0.37,0.54,Increasing,"Orange (Newburgh), NY - Sullivan, NY","Orange, Sullivan"
New York,86,2025-08-16,0.8396524051926307,9,0.92,0.66,Increasing,"Orange (Newburgh), NY - Sullivan, NY","Orange, Sullivan"
New York,86,2025-08-23,0.66939858626651,10,0.44,0.83,Increasing,"Orange (Newburgh), NY - Sullivan, NY","Orange, Sullivan"
New York,86,2025-08-30,0.7679333453537726,10,1.13,1.04,Increasing,"Orange (Newburgh), NY - Sullivan, NY","Orange, Sullivan"
New York,86,2025-09-06,0.6545102278531952,10,1.31,1.23,Increasing,"Orange (Newburgh), NY - Sullivan, NY","Orange, Sullivan"
New York,86,2025-09-13,0.9554392709430628,10,1.37,1.33,No Change,"Orange (Newburgh), NY - Sullivan, NY","Orange, Sullivan"
New York,86,2025-09-20,0.8507483464216801,10,1.43,1.28,Decreasing,"Orange (Newburgh), NY - Sullivan, NY","Orange, Sullivan"
New York,86,2025-09-27,0.8369269835391424,10,1.11,1.07,Decreasing,"Orange (Newburgh), NY - Sullivan, NY","Orange, Sullivan"
New York,86,2025-10-04,0.8307217098757261,10,0.69,0.82,Decreasing,"Orange (Newburgh), NY - Sullivan, NY","Orange, Sullivan"
New York,86,2025-10-11,0.6503973588852319,10,0.58,0.62,Decreasing,"Orange (Newburgh), NY - Sullivan, NY","Orange, Sullivan"
New York,86,2025-10-18,0.5530164222124243,10,0.35,0.51,Decreasing,"Orange (Newburgh), NY - Sullivan, NY","Orange, Sullivan"
New York,86,2025-10-25,0.14396114311643282,9,0.49,0.46,No Change,"Orange (Newburgh), NY - Sullivan, NY","Orange, Sullivan"
New York,86,2025-11-01,0.4678840990076564,10,0.59,0.46,No Change,"Orange (Newburgh), NY - Sullivan, NY","Orange, Sullivan"
New York,86,2025-11-08,0.6916984480171907,9,0.55,0.46,No Change,"Orange (Newburgh), NY - Sullivan, NY","Orange, Sullivan"
New York,86,2025-11-15,0.6979073630861268,9,0.43,0.46,No Change,"Orange (Newburgh), NY - Sullivan, NY","Orange, Sullivan"
New York,86,2025-11-22,0.7059266387610112,10,0.2,0.48,No Change,"Orange (Newburgh), NY - Sullivan, NY","Orange, Sullivan"
New York,86,2025-11-29,0.5641110970674628,6,0.44,0.54,Increasing,"Orange (Newburgh), NY - Sullivan, NY","Orange, Sullivan"
New York,86,2025-12-06,0.6821569579685016,9,1.09,0.65,Increasing,"Orange (Newburgh), NY - Sullivan, NY","Orange, Sullivan"
New York,86,2025-12-13,0.73199496361696,9,0.66,0.78,Increasing,"Orange (Newburgh), NY - Sullivan, NY","Orange, Sullivan"
New York,86,2025-12-20,0.9228039183316692,10,0.77,0.92,Increasing,"Orange (Newburgh), NY - Sullivan, NY","Orange, Sullivan"
New York,86,2025-12-27,0.8685024759312971,7,1.16,1.03,No Change,"Orange (Newburgh), NY - Sullivan, NY","Orange, Sullivan"
New York,86,2026-01-03,0.8945115530856466,7,1.03,1.07,No Change,"Orange (Newburgh), NY - Sullivan, NY","Orange, Sullivan"
New York,86,2026-01-10,0.8886998996328629,9,1.14,1.04,No Change,"Orange (Newburgh), NY - Sullivan, NY","Orange, Sullivan"
New York,86,2026-01-17,0.566864733461655,10,0.96,0.96,No Change,"Orange (Newburgh), NY - Sullivan, NY","Orange, Sullivan"
New York,86,2026-01-24,0.7537215405921506,10,0.87,0.87,Decreasing,"Orange (Newburgh), NY - Sullivan, NY","Orange, Sullivan"
New York,86,2026-01-31,0.6866850117629117,9,0.75,0.81,No Change,"Orange (Newburgh), NY - Sullivan, NY","Orange, Sullivan"
New York,86,2026-02-07,0.7767669733500907,10,0.74,0.79,No Change,"Orange (Newburgh), NY - Sullivan, NY","Orange, Sullivan"
New York,86,2026-02-14,0.7344574795373119,10,0.7,0.79,No Change,"Orange (Newburgh), NY - Sullivan, NY","Orange, Sullivan"
New York,86,2026-02-21,0.5253507530699721,9,0.88,0.78,No Change,"Orange (Newburgh), NY - Sullivan, NY","Orange, Sullivan"
New York,86,2026-02-28,0.7584653213311295,10,0.9,0.77,No Change,"Orange (Newburgh), NY - Sullivan, NY","Orange, Sullivan"
New York,86,2026-03-07,0.6729677799225195,10,0.67,0.75,No Change,"Orange (Newburgh), NY - Sullivan, NY","Orange, Sullivan"
New York,86,2026-03-14,0.450037869860514,10,0.67,0.73,No Change,"Orange (Newburgh), NY - Sullivan, NY","Orange, Sullivan"
New York,86,2026-03-21,0.7152727604821569,10,0.64,0.7,No Change,"Orange (Newburgh), NY - Sullivan, NY","Orange, Sullivan"
New York,86,2026-03-28,0.30740351994959497,10,0.75,0.66,No Change,"Orange (Newburgh), NY - Sullivan, NY","Orange, Sullivan"
New York,86,2026-04-04,0.7296479471925521,9,0.69,0.58,Decreasing,"Orange (Newburgh), NY - Sullivan, NY","Orange, Sullivan"
New York,86,2026-04-11,0.6650808845902356,10,0.46,0.48,Decreasing,"Orange (Newburgh), NY - Sullivan, NY","Orange, Sullivan"
New York,86,2026-04-18,0.3617202851203557,10,0.32,0.39,Decreasing,"Orange (Newburgh), NY - Sullivan, NY","Orange, Sullivan"
New York,86,2026-04-25,-0.24366247483957365,10,0.25,0.33,Decreasing,"Orange (Newburgh), NY - Sullivan, NY","Orange, Sullivan"
New York,86,2026-05-02,0.3872256305505396,10,0.26,0.29,No Change,"Orange (Newburgh), NY - Sullivan, NY","Orange, Sullivan"
New York,86,2026-05-09,0.395559688968698,9,0.23,0.26,Decreasing,"Orange (Newburgh), NY - Sullivan, NY","Orange, Sullivan"
New York,86,2026-05-16,-0.04421495465267402,10,0.42,0.22,Decreasing,"Orange (Newburgh), NY - Sullivan, NY","Orange, Sullivan"
New York,86,2026-05-23,-0.10241388017522093,10,0.18,0.16,Decreasing,"Orange (Newburgh), NY - Sullivan, NY","Orange, Sullivan"
New York,86,2026-05-30,-0.3225644576038129,10,0.1,0.12,Decreasing,"Orange (Newburgh), NY - Sullivan, NY","Orange, Sullivan"
New York,86,2026-06-06,-0.4855904783312603,8,0.05,0.09,Decreasing,"Orange (Newburgh), NY - Sullivan, NY","Orange, Sullivan"
New York,86,2026-06-13,-0.876811165955363,10,0.02,0.07,Decreasing,"Orange (Newburgh), NY - Sullivan, NY","Orange, Sullivan"
New York,86,2026-06-20,-1.2674193098045579,10,0.0,0.06,No Change,"Orange (Newburgh), NY - Sullivan, NY","Orange, Sullivan"
New York,86,2026-06-27,-0.44453082065454935,10,0.12,0.05,No Change,"Orange (Newburgh), NY - Sullivan, NY","Orange, Sullivan"
New York,86,2026-07-04,-0.09648094251130547,9,0.03,0.05,No Change,"Orange (Newburgh), NY - Sullivan, NY","Orange, Sullivan"
New York,86,2026-07-11,-0.9673258093712573,9,0.05,0.06,No Change,"Orange (Newburgh), NY - Sullivan, NY","Orange, Sullivan"
New York,86,2026-07-18,-0.9780565642732955,9,0.12,0.06,No Change,"Orange (Newburgh), NY - Sullivan, NY","Orange, Sullivan"
New York,86,2026-07-25,-0.38292415425413817,9,0.08,0.07,No Change,"Orange (Newburgh), NY - Sullivan, NY","Orange, Sullivan"
New York,86,2026-08-01,-0.15109275874313027,7,0.17,0.09,Increasing,"Orange (Newburgh), NY - Sullivan, NY","Orange, Sullivan"
New York,86,2026-08-08,0.5959161735709623,9,0.19,0.13,Increasing,"Orange (Newburgh), NY - Sullivan, NY","Orange, Sullivan"
New York,86,2026-08-15,-0.30349286378612816,10,0.15,0.27,Increasing,"Orange (Newburgh), NY - Sullivan, NY","Orange, Sullivan"
New York,86,2026-08-22,0.39037058982191614,9,0.14,0.61,Increasing,"Orange (Newburgh), NY - Sullivan, NY","Orange, Sullivan"
New York,865,2025-01-04,-0.5831984994430491,4,1.9,1.11,Increasing,"Rockland, NY",Rockland
New York,865,2025-01-11,-1.3701158008851857,6,1.33,1.27,Increasing,"Rockland, NY",Rockland
New York,865,2025-01-18,-1.5116992757229653,6,0.64,1.35,No Change,"Rockland, NY",Rockland
New York,865,2025-01-25,-1.5116992757229653,6,1.92,1.33,No Change,"Rockland, NY",Rockland
New York,865,2025-02-01,-1.5116992757229653,6,1.07,1.26,No Change,"Rockland, NY",Rockland
New York,865,2025-02-08,-1.5406432470771807,5,1.14,1.16,No Change,"Rockland, NY",Rockland
New York,865,2025-02-15,-1.4927102514296138,5,1.2,1.07,No Change,"Rockland, NY",Rockland
New York,865,2025-02-22,-1.4927102514296138,5,0.96,1.02,No Change,"Rockland, NY",Rockland
New York,865,2025-03-01,-1.5406432470771807,5,0.94,1.01,No Change,"Rockland, NY",Rockland
New York,865,2025-03-08,-1.4382091694756296,4,0.9,1.04,No Change,"Rockland, NY",Rockland
New York,865,2025-03-15,-1.4927102514296138,5,0.96,1.1,No Change,"Rockland, NY",Rockland
New York,865,2025-03-22,-1.5116992757229653,6,1.46,1.18,No Change,"Rockland, NY",Rockland
New York,865,2025-03-29,-1.5116992757229653,6,1.25,1.26,No Change,"Rockland, NY",Rockland
New York,865,2025-04-05,-1.5116992757229653,6,1.12,1.29,No Change,"Rockland, NY",Rockland
New York,865,2025-04-12,-1.5116992757229653,6,1.57,1.26,No Change,"Rockland, NY",Rockland
New York,865,2025-04-19,-1.5116992757229653,6,0.92,1.15,No Change,"Rockland, NY",Rockland
New York,865,2025-04-26,-1.499113564539022,3,1.15,1.0,Decreasing,"Rockland, NY",Rockland
New York,865,2025-05-03,-1.4833784978197597,3,1.14,0.85,Decreasing,"Rockland, NY",Rockland
New York,865,2025-05-10,-1.5259962727016967,4,0.32,0.72,Decreasing,"Rockland, NY",Rockland
New York,865,2025-05-17,-1.5116992757229653,6,0.48,0.64,No Change,"Rockland, NY",Rockland
New York,865,2025-05-24,-0.8689254651757778,3,0.68,0.62,No Change,"Rockland, NY",Rockland
New York,865,2025-05-31,-1.421745548134779,2,0.5,0.64,No Change,"Rockland, NY",Rockland
New York,865,2025-06-07,0.37633454942400907,4,0.95,0.65,No Change,"Rockland, NY",Rockland
New York,865,2025-06-14,0.6719483020153509,4,0.73,0.6,No Change,"Rockland, NY",Rockland
New York,865,2025-06-21,0.29252801864668676,6,0.64,0.51,Decreasing,"Rockland, NY",Rockland
New York,865,2025-06-28,0.44565403606872395,6,0.21,0.44,Decreasing,"Rockland, NY",Rockland
New York,865,2025-07-05,0.5887211794380255,6,0.42,0.39,No Change,"Rockland, NY",Rockland
New York,865,2025-07-12,0.6396816910670868,5,0.26,0.38,No Change,"Rockland, NY",Rockland
New York,865,2025-07-19,0.5902188285690114,6,0.33,0.4,Increasing,"Rockland, NY",Rockland
New York,865,2025-07-26,0.6682167103228202,6,0.46,0.47,Increasing,"Rockland, NY",Rockland
New York,865,2025-08-02,0.7342349723357463,6,0.49,0.6,Increasing,"Rockland, NY",Rockland
New York,865,2025-08-09,0.7013967850404392,6,0.88,0.77,Increasing,"Rockland, NY",Rockland
New York,865,2025-08-16,0.7722521671917028,6,1.1,0.96,Increasing,"Rockland, NY",Rockland
New York,865,2025-08-23,0.7363324952978483,5,1.19,1.12,Increasing,"Rockland, NY",Rockland
New York,865,2025-08-30,0.8116950611248246,6,1.05,1.25,No Change,"Rockland, NY",Rockland
New York,865,2025-09-06,0.8718683204232902,6,1.66,1.34,No Change,"Rockland, NY",Rockland
New York,865,2025-09-13,0.8619780933701776,6,0.97,1.37,No Change,"Rockland, NY",Rockland
New York,865,2025-09-20,0.8737897887314089,6,1.49,1.33,No Change,"Rockland, NY",Rockland
New York,865,2025-09-27,0.7772813201749331,6,1.18,1.19,Decreasing,"Rockland, NY",Rockland
New York,865,2025-10-04,0.8049784273306663,6,1.14,1.01,Decreasing,"Rockland, NY",Rockland
New York,865,2025-10-11,0.7340582391128679,6,1.12,0.83,Decreasing,"Rockland, NY",Rockland
New York,865,2025-10-18,0.5592863860676255,5,0.34,0.68,Decreasing,"Rockland, NY",Rockland
New York,865,2025-10-25,0.7929533937553508,6,0.54,0.58,Decreasing,"Rockland, NY",Rockland
New York,865,2025-11-01,0.6917995010127043,5,0.28,0.52,No Change,"Rockland, NY",Rockland
New York,865,2025-11-08,0.6521460585520512,6,0.44,0.5,No Change,"Rockland, NY",Rockland
New York,865,2025-11-15,0.8519047340595759,6,0.78,0.53,No Change,"Rockland, NY",Rockland
New York,865,2025-11-22,0.7786791408556024,5,0.78,0.58,No Change,"Rockland, NY",Rockland
New York,865,2025-11-29,0.6920145966247073,3,0.49,0.65,Increasing,"Rockland, NY",Rockland
New York,865,2025-12-06,0.7257794626757871,5,0.42,0.72,No Change,"Rockland, NY",Rockland
New York,865,2025-12-13,0.6684552148140364,5,0.94,0.78,No Change,"Rockland, NY",Rockland
New York,865,2025-12-20,0.8950033188610071,5,0.84,0.82,No Change,"Rockland, NY",Rockland
New York,865,2025-12-27,0.7153017523295726,3,1.15,0.81,No Change,"Rockland, NY",Rockland
New York,865,2026-01-03,0.9351324183473941,2,0.62,0.77,No Change,"Rockland, NY",Rockland
New York,865,2026-01-10,0.8130542392335929,5,0.62,0.71,No Change,"Rockland, NY",Rockland
New York,865,2026-01-17,0.6793949554098309,5,0.78,0.63,No Change,"Rockland, NY",Rockland
New York,865,2026-01-24,0.6953392215045595,5,0.51,0.58,No Change,"Rockland, NY",Rockland
New York,865,2026-01-31,0.5484915755412484,5,0.25,0.56,No Change,"Rockland, NY",Rockland
New York,865,2026-02-07,0.6639536994063053,5,0.63,0.58,No Change,"Rockland, NY",Rockland
New York,865,2026-02-14,0.8011395137319652,5,0.56,0.6,No Change,"Rockland, NY",Rockland
New York,865,2026-02-21,0.7446650368661829,5,1.05,0.6,No Change,"Rockland, NY",Rockland
New York,865,2026-02-28,0.6401728357560791,5,0.34,0.56,No Change,"Rockland, NY",Rockland
New York,865,2026-03-07,0.6958186401774724,5,0.62,0.51,No Change,"Rockland, NY",Rockland
New York,865,2026-03-14,0.6109671708060844,5,0.27,0.47,No Change,"Rockland, NY",Rockland
New York,865,2026-03-21,0.6869917557874152,6,0.34,0.45,No Change,"Rockland, NY",Rockland
New York,865,2026-03-28,0.6830499083205726,5,0.39,0.44,No Change,"Rockland, NY",Rockland
New York,865,2026-04-04,0.7111697721713696,5,0.73,0.42,No Change,"Rockland, NY",Rockland
New York,865,2026-04-11,0.4951774553121086,5,0.4,0.38,No Change,"Rockland, NY",Rockland
New York,865,2026-04-18,0.20840392078514036,6,0.27,0.34,No Change,"Rockland, NY",Rockland
New York,865,2026-04-25,-0.0471166962809896,5,0.28,0.29,Decreasing,"Rockland, NY",Rockland
New York,865,2026-05-02,0.48783252403347727,6,0.22,0.26,No Change,"Rockland, NY",Rockland
New York,865,2026-05-09,0.39210838239518847,5,0.16,0.23,No Change,"Rockland, NY",Rockland
New York,865,2026-05-16,-0.3519659005409484,5,0.33,0.2,No Change,"Rockland, NY",Rockland
New York,865,2026-05-23,0.4114396939964345,6,0.21,0.18,No Change,"Rockland, NY",Rockland
New York,865,2026-05-30,-0.09599500005626024,5,0.0,0.16,No Change,"Rockland, NY",Rockland
New York,865,2026-06-06,-0.6526027431007779,5,0.15,0.14,No Change,"Rockland, NY",Rockland
New York,865,2026-06-13,-0.424390300702777,4,0.2,0.13,No Change,"Rockland, NY",Rockland
New York,865,2026-06-20,-0.10069819943306872,6,0.1,0.11,No Change,"Rockland, NY",Rockland
New York,865,2026-06-27,-0.08015663617951682,5,0.22,0.1,No Change,"Rockland, NY",Rockland
New York,865,2026-07-04,-0.6875338148458464,4,0.1,0.09,No Change,"Rockland, NY",Rockland
New York,865,2026-07-11,-0.43868757698724553,5,0.05,0.08,No Change,"Rockland, NY",Rockland
New York,865,2026-07-18,0.4021851337181356,5,0.12,0.08,No Change,"Rockland, NY",Rockland
New York,865,2026-07-25,0.6796646207028587,4,0.0,0.09,No Change,"Rockland, NY",Rockland
New York,865,2026-08-01,0.5383074287745047,6,0.06,0.11,Increasing,"Rockland, NY",Rockland
New York,865,2026-08-08,0.0904795621592631,6,0.2,0.18,Increasing,"Rockland, NY",Rockland
New York,865,2026-08-15,0.21580567798169847,6,0.16,0.35,Increasing,"Rockland, NY",Rockland
New York,865,2026-08-22,0.508335319576847,4,0.43,0.77,Increasing,"Rockland, NY",Rockland
New York,88,2025-01-04,-2.4127799616639867,3,2.44,1.74,No Change,"Saratoga, NY - Schenectady (Schenectady), NY","Hamilton, Saratoga, Schenectady, Warren, Washington"
New York,88,2025-01-11,0.9837399557884184,4,1.52,1.71,No Change,"Saratoga, NY - Schenectady (Schenectady), NY","Hamilton, Saratoga, Schenectady, Warren, Washington"
New York,88,2025-01-18,0.7502037435504227,4,1.34,1.54,Decreasing,"Saratoga, NY - Schenectady (Schenectady), NY","Hamilton, Saratoga, Schenectady, Warren, Washington"
New York,88,2025-01-25,0.5982361381386178,4,1.23,1.31,Decreasing,"Saratoga, NY - Schenectady (Schenectady), NY","Hamilton, Saratoga, Schenectady, Warren, Washington"
New York,88,2025-02-01,0.6196063522707524,4,1.27,1.08,Decreasing,"Saratoga, NY - Schenectady (Schenectady), NY","Hamilton, Saratoga, Schenectady, Warren, Washington"
New York,88,2025-02-08,0.14983681279946331,4,0.77,0.9,Decreasing,"Saratoga, NY - Schenectady (Schenectady), NY","Hamilton, Saratoga, Schenectady, Warren, Washington"
New York,88,2025-02-15,0.48061669622614517,4,0.86,0.77,Decreasing,"Saratoga, NY - Schenectady (Schenectady), NY","Hamilton, Saratoga, Schenectady, Warren, Washington"
New York,88,2025-02-22,0.3497846534337655,4,0.61,0.68,Decreasing,"Saratoga, NY - Schenectady (Schenectady), NY","Hamilton, Saratoga, Schenectady, Warren, Washington"
New York,88,2025-03-01,0.47787291360403855,4,0.51,0.63,No Change,"Saratoga, NY - Schenectady (Schenectady), NY","Hamilton, Saratoga, Schenectady, Warren, Washington"
New York,88,2025-03-08,0.3140192780196459,4,0.65,0.61,No Change,"Saratoga, NY - Schenectady (Schenectady), NY","Hamilton, Saratoga, Schenectady, Warren, Washington"
New York,88,2025-03-15,0.34946156655928423,4,0.39,0.61,No Change,"Saratoga, NY - Schenectady (Schenectady), NY","Hamilton, Saratoga, Schenectady, Warren, Washington"
New York,88,2025-03-22,0.3235166487255868,4,0.87,0.63,No Change,"Saratoga, NY - Schenectady (Schenectady), NY","Hamilton, Saratoga, Schenectady, Warren, Washington"
New York,88,2025-03-29,0.296958296222143,4,0.45,0.64,No Change,"Saratoga, NY - Schenectady (Schenectady), NY","Hamilton, Saratoga, Schenectady, Warren, Washington"
New York,88,2025-04-05,0.1428276733780389,4,0.78,0.64,No Change,"Saratoga, NY - Schenectady (Schenectady), NY","Hamilton, Saratoga, Schenectady, Warren, Washington"
New York,88,2025-04-12,0.1670512753873598,4,0.93,0.6,No Change,"Saratoga, NY - Schenectady (Schenectady), NY","Hamilton, Saratoga, Schenectady, Warren, Washington"
New York,88,2025-04-19,0.12397335523125685,4,0.46,0.54,No Change,"Saratoga, NY - Schenectady (Schenectady), NY","Hamilton, Saratoga, Schenectady, Warren, Washington"
New York,88,2025-04-26,0.26271471767744503,4,0.42,0.48,Decreasing,"Saratoga, NY - Schenectady (Schenectady), NY","Hamilton, Saratoga, Schenectady, Warren, Washington"
New York,88,2025-05-03,0.3883292964324114,3,0.46,0.44,No Change,"Saratoga, NY - Schenectady (Schenectady), NY","Hamilton, Saratoga, Schenectady, Warren, Washington"
New York,88,2025-05-10,-0.4103547539153667,4,0.27,0.4,No Change,"Saratoga, NY - Schenectady (Schenectady), NY","Hamilton, Saratoga, Schenectady, Warren, Washington"
New York,88,2025-05-17,-0.33817112804504046,4,0.52,0.38,No Change,"Saratoga, NY - Schenectady (Schenectady), NY","Hamilton, Saratoga, Schenectady, Warren, Washington"
New York,88,2025-05-24,-0.904579945659127,4,0.11,0.36,No Change,"Saratoga, NY - Schenectady (Schenectady), NY","Hamilton, Saratoga, Schenectady, Warren, Washington"
New York,88,2025-05-31,-1.1092844329295577,4,0.59,0.35,No Change,"Saratoga, NY - Schenectady (Schenectady), NY","Hamilton, Saratoga, Schenectady, Warren, Washington"
New York,88,2025-06-07,-0.38683106171968523,4,0.32,0.32,No Change,"Saratoga, NY - Schenectady (Schenectady), NY","Hamilton, Saratoga, Schenectady, Warren, Washington"
New York,88,2025-06-14,-0.18724440830809616,4,0.39,0.29,Decreasing,"Saratoga, NY - Schenectady (Schenectady), NY","Hamilton, Saratoga, Schenectady, Warren, Washington"
New York,88,2025-06-21,0.5847776903359352,2,0.23,0.25,Decreasing,"Saratoga, NY - Schenectady (Schenectady), NY","Hamilton, Saratoga, Schenectady, Warren, Washington"
New York,88,2025-06-28,-0.14614849345312897,3,0.17,0.22,No Change,"Saratoga, NY - Schenectady (Schenectady), NY","Hamilton, Saratoga, Schenectady, Warren, Washington"
New York,88,2025-07-05,0.03263611955530276,4,0.1,0.21,No Change,"Saratoga, NY - Schenectady (Schenectady), NY","Hamilton, Saratoga, Schenectady, Warren, Washington"
New York,88,2025-07-12,0.11365183205358603,4,0.22,0.21,No Change,"Saratoga, NY - Schenectady (Schenectady), NY","Hamilton, Saratoga, Schenectady, Warren, Washington"
New York,88,2025-07-19,0.15736508909904456,4,0.26,0.22,No Change,"Saratoga, NY - Schenectady (Schenectady), NY","Hamilton, Saratoga, Schenectady, Warren, Washington"
New York,88,2025-07-26,0.031556618778978716,4,0.22,0.26,Increasing,"Saratoga, NY - Schenectady (Schenectady), NY","Hamilton, Saratoga, Schenectady, Warren, Washington"
New York,88,2025-08-02,0.320078715393719,4,0.16,0.31,Increasing,"Saratoga, NY - Schenectady (Schenectady), NY","Hamilton, Saratoga, Schenectady, Warren, Washington"
New York,88,2025-08-09,0.38950536861462465,4,0.55,0.37,Increasing,"Saratoga, NY - Schenectady (Schenectady), NY","Hamilton, Saratoga, Schenectady, Warren, Washington"
New York,88,2025-08-16,0.4090260485676004,4,0.52,0.45,Increasing,"Saratoga, NY - Schenectady (Schenectady), NY","Hamilton, Saratoga, Schenectady, Warren, Washington"
New York,88,2025-08-23,0.2165253954958866,4,0.35,0.52,Increasing,"Saratoga, NY - Schenectady (Schenectady), NY","Hamilton, Saratoga, Schenectady, Warren, Washington"
New York,88,2025-08-30,0.3893662932005411,3,0.75,0.6,Increasing,"Saratoga, NY - Schenectady (Schenectady), NY","Hamilton, Saratoga, Schenectady, Warren, Washington"
New York,88,2025-09-06,0.5779730803077687,4,0.73,0.67,Increasing,"Saratoga, NY - Schenectady (Schenectady), NY","Hamilton, Saratoga, Schenectady, Warren, Washington"
New York,88,2025-09-13,0.6631260069857777,4,0.51,0.73,No Change,"Saratoga, NY - Schenectady (Schenectady), NY","Hamilton, Saratoga, Schenectady, Warren, Washington"
New York,88,2025-09-20,0.7582084823792801,4,0.72,0.77,No Change,"Saratoga, NY - Schenectady (Schenectady), NY","Hamilton, Saratoga, Schenectady, Warren, Washington"
New York,88,2025-09-27,0.5777494383960644,4,1.03,0.78,No Change,"Saratoga, NY - Schenectady (Schenectady), NY","Hamilton, Saratoga, Schenectady, Warren, Washington"
New York,88,2025-10-04,0.48374781744983025,3,0.73,0.76,No Change,"Saratoga, NY - Schenectady (Schenectady), NY","Hamilton, Saratoga, Schenectady, Warren, Washington"
New York,88,2025-10-11,0.2184067786669181,4,0.7,0.71,No Change,"Saratoga, NY - Schenectady (Schenectady), NY","Hamilton, Saratoga, Schenectady, Warren, Washington"
New York,88,2025-10-18,0.4356058632492258,4,0.77,0.65,Decreasing,"Saratoga, NY - Schenectady (Schenectady), NY","Hamilton, Saratoga, Schenectady, Warren, Washington"
New York,88,2025-10-25,0.47981460278129073,4,0.35,0.58,No Change,"Saratoga, NY - Schenectady (Schenectady), NY","Hamilton, Saratoga, Schenectady, Warren, Washington"
New York,88,2025-11-01,0.3061873664213466,4,0.7,0.53,No Change,"Saratoga, NY - Schenectady (Schenectady), NY","Hamilton, Saratoga, Schenectady, Warren, Washington"
New York,88,2025-11-08,0.3360035265733783,4,0.46,0.51,No Change,"Saratoga, NY - Schenectady (Schenectady), NY","Hamilton, Saratoga, Schenectady, Warren, Washington"
New York,88,2025-11-15,0.1893122158942966,4,0.43,0.52,No Change,"Saratoga, NY - Schenectady (Schenectady), NY","Hamilton, Saratoga, Schenectady, Warren, Washington"
New York,88,2025-11-22,0.0699587688596569,4,0.5,0.58,Increasing,"Saratoga, NY - Schenectady (Schenectady), NY","Hamilton, Saratoga, Schenectady, Warren, Washington"
New York,88,2025-11-29,0.24642318737272706,3,0.53,0.67,Increasing,"Saratoga, NY - Schenectady (Schenectady), NY","Hamilton, Saratoga, Schenectady, Warren, Washington"
New York,88,2025-12-06,0.7282823008497241,4,1.08,0.82,Increasing,"Saratoga, NY - Schenectady (Schenectady), NY","Hamilton, Saratoga, Schenectady, Warren, Washington"
New York,88,2025-12-13,0.6146625251037854,4,0.97,0.98,Increasing,"Saratoga, NY - Schenectady (Schenectady), NY","Hamilton, Saratoga, Schenectady, Warren, Washington"
New York,88,2025-12-20,0.4434972741348997,4,0.94,1.11,Increasing,"Saratoga, NY - Schenectady (Schenectady), NY","Hamilton, Saratoga, Schenectady, Warren, Washington"
New York,88,2025-12-27,0.6161212872980201,3,1.38,1.16,No Change,"Saratoga, NY - Schenectady (Schenectady), NY","Hamilton, Saratoga, Schenectady, Warren, Washington"
New York,88,2026-01-03,0.6107518068041691,3,1.29,1.14,No Change,"Saratoga, NY - Schenectady (Schenectady), NY","Hamilton, Saratoga, Schenectady, Warren, Washington"
New York,88,2026-01-10,0.8604969658544173,4,0.98,1.07,Decreasing,"Saratoga, NY - Schenectady (Schenectady), NY","Hamilton, Saratoga, Schenectady, Warren, Washington"
New York,88,2026-01-17,0.5972253484850188,4,0.83,0.97,No Change,"Saratoga, NY - Schenectady (Schenectady), NY","Hamilton, Saratoga, Schenectady, Warren, Washington"
New York,88,2026-01-24,0.4541985504703919,4,0.82,0.88,Decreasing,"Saratoga, NY - Schenectady (Schenectady), NY","Hamilton, Saratoga, Schenectady, Warren, Washington"
New York,88,2026-01-31,0.4492344024712195,4,0.85,0.82,No Change,"Saratoga, NY - Schenectady (Schenectady), NY","Hamilton, Saratoga, Schenectady, Warren, Washington"
New York,88,2026-02-07,0.5936258197997237,3,0.8,0.8,No Change,"Saratoga, NY - Schenectady (Schenectady), NY","Hamilton, Saratoga, Schenectady, Warren, Washington"
New York,88,2026-02-14,0.6805679083144526,4,0.8,0.78,No Change,"Saratoga, NY - Schenectady (Schenectady), NY","Hamilton, Saratoga, Schenectady, Warren, Washington"
New York,88,2026-02-21,0.5265272760660195,4,0.71,0.75,No Change,"Saratoga, NY - Schenectady (Schenectady), NY","Hamilton, Saratoga, Schenectady, Warren, Washington"
New York,88,2026-02-28,0.44046025583084925,4,0.86,0.7,No Change,"Saratoga, NY - Schenectady (Schenectady), NY","Hamilton, Saratoga, Schenectady, Warren, Washington"
New York,88,2026-03-07,0.5892673494501952,4,0.5,0.64,Decreasing,"Saratoga, NY - Schenectady (Schenectady), NY","Hamilton, Saratoga, Schenectady, Warren, Washington"
New York,88,2026-03-14,-0.35389172794060664,4,0.64,0.57,Decreasing,"Saratoga, NY - Schenectady (Schenectady), NY","Hamilton, Saratoga, Schenectady, Warren, Washington"
New York,88,2026-03-21,0.165869305345448,4,0.42,0.5,Decreasing,"Saratoga, NY - Schenectady (Schenectady), NY","Hamilton, Saratoga, Schenectady, Warren, Washington"
New York,88,2026-03-28,-0.015527530740088696,4,0.49,0.42,Decreasing,"Saratoga, NY - Schenectady (Schenectady), NY","Hamilton, Saratoga, Schenectady, Warren, Washington"
New York,88,2026-04-04,0.10683319161440252,4,0.39,0.35,Decreasing,"Saratoga, NY - Schenectady (Schenectady), NY","Hamilton, Saratoga, Schenectady, Warren, Washington"
New York,88,2026-04-11,0.42329556228478665,3,0.37,0.27,Decreasing,"Saratoga, NY - Schenectady (Schenectady), NY","Hamilton, Saratoga, Schenectady, Warren, Washington"
New York,88,2026-04-18,-1.2311773047171606,4,0.1,0.21,Decreasing,"Saratoga, NY - Schenectady (Schenectady), NY","Hamilton, Saratoga, Schenectady, Warren, Washington"
New York,88,2026-04-25,-0.576269161979802,4,0.07,0.17,Decreasing,"Saratoga, NY - Schenectady (Schenectady), NY","Hamilton, Saratoga, Schenectady, Warren, Washington"
New York,88,2026-05-02,-1.0207084465396647,4,0.18,0.13,Decreasing,"Saratoga, NY - Schenectady (Schenectady), NY","Hamilton, Saratoga, Schenectady, Warren, Washington"
New York,88,2026-05-09,-0.08732055759463948,3,0.2,0.11,Decreasing,"Saratoga, NY - Schenectady (Schenectady), NY","Hamilton, Saratoga, Schenectady, Warren, Washington"
New York,88,2026-05-16,-0.39241862902301844,3,0.07,0.09,Decreasing,"Saratoga, NY - Schenectady (Schenectady), NY","Hamilton, Saratoga, Schenectady, Warren, Washington"
New York,88,2026-05-23,-0.44920208203095086,4,0.0,0.08,Decreasing,"Saratoga, NY - Schenectady (Schenectady), NY","Hamilton, Saratoga, Schenectady, Warren, Washington"
New York,88,2026-05-30,-0.3518158151616071,4,0.13,0.06,Decreasing,"Saratoga, NY - Schenectady (Schenectady), NY","Hamilton, Saratoga, Schenectady, Warren, Washington"
New York,88,2026-06-06,-0.9314662288388087,3,0.1,0.05,No Change,"Saratoga, NY - Schenectady (Schenectady), NY","Hamilton, Saratoga, Schenectady, Warren, Washington"
New York,88,2026-06-13,-1.8117303318567752,4,0.03,0.05,No Change,"Saratoga, NY - Schenectady (Schenectady), NY","Hamilton, Saratoga, Schenectady, Warren, Washington"
New York,88,2026-06-20,-2.007020015045778,4,0.0,0.04,No Change,"Saratoga, NY - Schenectady (Schenectady), NY","Hamilton, Saratoga, Schenectady, Warren, Washington"
New York,88,2026-06-27,-3.3720509922504323,4,0.0,0.04,No Change,"Saratoga, NY - Schenectady (Schenectady), NY","Hamilton, Saratoga, Schenectady, Warren, Washington"
New York,88,2026-07-04,-1.3424265482077526,3,0.03,0.05,No Change,"Saratoga, NY - Schenectady (Schenectady), NY","Hamilton, Saratoga, Schenectady, Warren, Washington"
New York,88,2026-07-11,-2.30304028366673,4,0.06,0.05,No Change,"Saratoga, NY - Schenectady (Schenectady), NY","Hamilton, Saratoga, Schenectady, Warren, Washington"
New York,88,2026-07-18,-1.6240228213273484,4,0.15,0.06,No Change,"Saratoga, NY - Schenectady (Schenectady), NY","Hamilton, Saratoga, Schenectady, Warren, Washington"
New York,88,2026-07-25,-2.30304028366673,4,0.18,0.06,No Change,"Saratoga, NY - Schenectady (Schenectady), NY","Hamilton, Saratoga, Schenectady, Warren, Washington"
New York,88,2026-08-01,-0.802243417449279,4,0.06,0.08,Increasing,"Saratoga, NY - Schenectady (Schenectady), NY","Hamilton, Saratoga, Schenectady, Warren, Washington"
New York,88,2026-08-08,-0.6000855457332375,3,0.09,0.12,Increasing,"Saratoga, NY - Schenectady (Schenectady), NY","Hamilton, Saratoga, Schenectady, Warren, Washington"
New York,88,2026-08-15,-0.45700178736764213,2,0.0,0.21,Increasing,"Saratoga, NY - Schenectady (Schenectady), NY","Hamilton, Saratoga, Schenectady, Warren, Washington"
New York,88,2026-08-22,-0.48008028150050797,2,0.09,0.43,Increasing,"Saratoga, NY - Schenectady (Schenectady), NY","Hamilton, Saratoga, Schenectady, Warren, Washington"
New York,881,2025-02-01,0.8732737563931863,1,3.08,2.09,No Change,"Columbia, NY - Greene, NY","Columbia, Greene"
New York,881,2025-02-08,0.8378602463796663,1,1.81,1.82,Decreasing,"Columbia, NY - Greene, NY","Columbia, Greene"
New York,881,2025-02-15,0.5549238018522266,1,1.12,1.52,Decreasing,"Columbia, NY - Greene, NY","Columbia, Greene"
New York,881,2025-02-22,1.0787446596751293,1,0.5,1.27,Decreasing,"Columbia, NY - Greene, NY","Columbia, Greene"
New York,881,2025-03-01,0.5505771062901754,1,0.87,1.1,No Change,"Columbia, NY - Greene, NY","Columbia, Greene"
New York,881,2025-03-08,0.44024042489276594,1,0.69,0.98,No Change,"Columbia, NY - Greene, NY","Columbia, Greene"
New York,881,2025-03-15,0.26788933803321907,1,1.98,0.88,No Change,"Columbia, NY - Greene, NY","Columbia, Greene"
New York,881,2025-04-05,0.06342739760326105,1,0.55,0.66,No Change,"Columbia, NY - Greene, NY","Columbia, Greene"
New York,881,2025-04-12,1.015033310224551,1,2.04,0.61,No Change,"Columbia, NY - Greene, NY","Columbia, Greene"
New York,881,2025-04-19,-0.45791753162627297,2,0.49,0.56,No Change,"Columbia, NY - Greene, NY","Columbia, Greene"
New York,881,2025-04-26,0.30380147734954777,2,0.46,0.51,No Change,"Columbia, NY - Greene, NY","Columbia, Greene"
New York,881,2025-05-03,0.5945973134741737,2,0.42,0.47,No Change,"Columbia, NY - Greene, NY","Columbia, Greene"
New York,881,2025-05-10,0.4378454507927412,2,0.73,0.42,No Change,"Columbia, NY - Greene, NY","Columbia, Greene"
New York,881,2025-05-17,-1.0652171872820662,2,0.26,0.39,No Change,"Columbia, NY - Greene, NY","Columbia, Greene"
New York,881,2025-05-24,0.5342883751579661,2,0.0,0.35,No Change,"Columbia, NY - Greene, NY","Columbia, Greene"
New York,881,2025-05-31,0.18593756365502342,2,0.72,0.32,No Change,"Columbia, NY - Greene, NY","Columbia, Greene"
New York,881,2025-06-07,-0.9417430796459725,2,0.22,0.3,No Change,"Columbia, NY - Greene, NY","Columbia, Greene"
New York,881,2025-06-14,0.31037623056547003,2,0.48,0.28,No Change,"Columbia, NY - Greene, NY","Columbia, Greene"
New York,881,2025-06-21,-1.0119480825631517,2,0.22,0.27,No Change,"Columbia, NY - Greene, NY","Columbia, Greene"
New York,881,2025-06-28,0.2926799027141044,2,0.0,0.27,No Change,"Columbia, NY - Greene, NY","Columbia, Greene"
New York,881,2025-07-05,0.4465404560481231,2,0.19,0.27,No Change,"Columbia, NY - Greene, NY","Columbia, Greene"
New York,881,2025-07-12,-0.5441814053152509,2,0.41,0.29,No Change,"Columbia, NY - Greene, NY","Columbia, Greene"
New York,881,2025-07-19,-0.851944466017356,2,0.18,0.33,No Change,"Columbia, NY - Greene, NY","Columbia, Greene"
New York,881,2025-07-26,-0.5374118155739845,2,0.21,0.38,No Change,"Columbia, NY - Greene, NY","Columbia, Greene"
New York,881,2025-08-02,0.239317074562123,2,0.45,0.45,No Change,"Columbia, NY - Greene, NY","Columbia, Greene"
New York,881,2025-08-09,0.5735875700582694,2,0.41,0.53,No Change,"Columbia, NY - Greene, NY","Columbia, Greene"
New York,881,2025-08-16,0.38580905601807036,2,1.26,0.6,No Change,"Columbia, NY - Greene, NY","Columbia, Greene"
New York,881,2025-08-23,0.580134410195705,2,0.48,0.66,No Change,"Columbia, NY - Greene, NY","Columbia, Greene"
New York,881,2025-08-30,0.8592794397836083,2,0.69,0.7,No Change,"Columbia, NY - Greene, NY","Columbia, Greene"
New York,881,2025-09-06,0.9516241648126427,2,0.7,0.71,No Change,"Columbia, NY - Greene, NY","Columbia, Greene"
New York,881,2025-09-13,0.8149710838041352,2,0.89,0.7,No Change,"Columbia, NY - Greene, NY","Columbia, Greene"
New York,881,2025-09-20,1.075718887407011,2,0.62,0.67,No Change,"Columbia, NY - Greene, NY","Columbia, Greene"
New York,881,2025-09-27,0.6767658684651275,2,0.41,0.62,No Change,"Columbia, NY - Greene, NY","Columbia, Greene"
New York,881,2025-10-04,0.6253307256372647,1,0.8,0.57,No Change,"Columbia, NY - Greene, NY","Columbia, Greene"
New York,881,2025-10-11,0.7268182511911593,2,0.71,0.52,No Change,"Columbia, NY - Greene, NY","Columbia, Greene"
New York,881,2025-10-18,0.7590102159310439,2,0.64,0.47,No Change,"Columbia, NY - Greene, NY","Columbia, Greene"
New York,881,2025-10-25,0.2785917276891559,2,0.24,0.43,No Change,"Columbia, NY - Greene, NY","Columbia, Greene"
New York,881,2025-11-01,-0.6141923207439024,2,0.25,0.42,No Change,"Columbia, NY - Greene, NY","Columbia, Greene"
New York,881,2025-11-08,0.18292648988555787,2,0.23,0.44,No Change,"Columbia, NY - Greene, NY","Columbia, Greene"
New York,881,2025-11-15,0.5030820780743166,2,0.0,0.49,No Change,"Columbia, NY - Greene, NY","Columbia, Greene"
New York,881,2025-11-22,0.4869661244964171,2,0.47,0.61,Increasing,"Columbia, NY - Greene, NY","Columbia, Greene"
New York,881,2025-11-29,-0.7324354436065105,2,0.47,0.79,Increasing,"Columbia, NY - Greene, NY","Columbia, Greene"
New York,881,2025-12-06,0.5947151128254118,2,0.9,1.05,Increasing,"Columbia, NY - Greene, NY","Columbia, Greene"
New York,881,2025-12-13,0.7839457982149861,2,1.63,1.36,Increasing,"Columbia, NY - Greene, NY","Columbia, Greene"
New York,881,2025-12-20,0.6921638355516928,2,2.99,1.59,No Change,"Columbia, NY - Greene, NY","Columbia, Greene"
New York,881,2025-12-27,0.655251691429161,1,1.34,1.66,No Change,"Columbia, NY - Greene, NY","Columbia, Greene"
New York,881,2026-01-03,0.8298922185892937,2,1.79,1.57,No Change,"Columbia, NY - Greene, NY","Columbia, Greene"
New York,881,2026-01-10,0.5179447141312308,2,0.87,1.39,Decreasing,"Columbia, NY - Greene, NY","Columbia, Greene"
New York,881,2026-01-17,0.4635205423125578,2,1.43,1.18,Decreasing,"Columbia, NY - Greene, NY","Columbia, Greene"
New York,881,2026-01-24,0.5142254061551749,2,0.97,0.97,Decreasing,"Columbia, NY - Greene, NY","Columbia, Greene"
New York,881,2026-01-31,0.7492462371620179,2,0.55,0.79,Decreasing,"Columbia, NY - Greene, NY","Columbia, Greene"
New York,881,2026-02-07,0.6100747813578565,2,0.26,0.65,Decreasing,"Columbia, NY - Greene, NY","Columbia, Greene"
New York,881,2026-02-14,-0.706679861305134,2,0.67,0.54,Decreasing,"Columbia, NY - Greene, NY","Columbia, Greene"
New York,881,2026-02-21,0.3118983605569152,2,0.51,0.45,Decreasing,"Columbia, NY - Greene, NY","Columbia, Greene"
New York,881,2026-02-28,0.26498329851489505,2,0.7,0.37,No Change,"Columbia, NY - Greene, NY","Columbia, Greene"
New York,881,2026-03-07,0.4446676358380025,2,0.24,0.31,No Change,"Columbia, NY - Greene, NY","Columbia, Greene"
New York,881,2026-03-14,-0.9417430796459725,2,0.0,0.27,No Change,"Columbia, NY - Greene, NY","Columbia, Greene"
New York,881,2026-03-21,0.22757705070657835,2,0.0,0.23,No Change,"Columbia, NY - Greene, NY","Columbia, Greene"
New York,881,2026-03-28,0.37116872796412725,2,0.21,0.21,No Change,"Columbia, NY - Greene, NY","Columbia, Greene"
New York,881,2026-04-04,0.256724242598216,2,0.42,0.18,No Change,"Columbia, NY - Greene, NY","Columbia, Greene"
New York,881,2026-04-11,-0.6851977857237503,2,0.21,0.16,No Change,"Columbia, NY - Greene, NY","Columbia, Greene"
New York,881,2026-04-18,0.4586010823111004,2,0.0,0.14,No Change,"Columbia, NY - Greene, NY","Columbia, Greene"
New York,881,2026-04-25,-1.187144838602324,2,0.21,0.12,No Change,"Columbia, NY - Greene, NY","Columbia, Greene"
New York,881,2026-05-02,0.31461907539145084,2,0.42,0.1,No Change,"Columbia, NY - Greene, NY","Columbia, Greene"
New York,881,2026-05-09,-2.542293974458813,1,0.0,0.09,No Change,"Columbia, NY - Greene, NY","Columbia, Greene"
New York,881,2026-05-16,0.054415210273686836,2,0.0,0.07,No Change,"Columbia, NY - Greene, NY","Columbia, Greene"
New York,881,2026-05-23,0.3205619193318275,1,0.0,0.06,No Change,"Columbia, NY - Greene, NY","Columbia, Greene"
New York,881,2026-05-30,-0.798616313491835,2,0.2,0.05,No Change,"Columbia, NY - Greene, NY","Columbia, Greene"
New York,881,2026-06-06,-2.0950328199784147,2,0.0,0.05,No Change,"Columbia, NY - Greene, NY","Columbia, Greene"
New York,881,2026-06-13,-0.03521900898124847,2,0.0,0.05,No Change,"Columbia, NY - Greene, NY","Columbia, Greene"
New York,881,2026-06-20,-0.851944466017356,2,0.0,0.05,No Change,"Columbia, NY - Greene, NY","Columbia, Greene"
New York,881,2026-06-27,-0.23571449379392886,1,0.0,0.05,No Change,"Columbia, NY - Greene, NY","Columbia, Greene"
New York,881,2026-07-04,0.5163442205968845,1,0.0,0.06,No Change,"Columbia, NY - Greene, NY","Columbia, Greene"
New York,881,2026-07-11,-1.6477716654980161,1,0.0,0.07,Increasing,"Columbia, NY - Greene, NY","Columbia, Greene"
New York,881,2026-07-18,-0.9417430796459725,2,0.19,0.09,Increasing,"Columbia, NY - Greene, NY","Columbia, Greene"
New York,881,2026-07-25,-0.6346063766759198,2,0.0,0.13,Increasing,"Columbia, NY - Greene, NY","Columbia, Greene"
New York,881,2026-08-01,-2.0950328199784147,2,0.21,0.19,Increasing,"Columbia, NY - Greene, NY","Columbia, Greene"
New York,881,2026-08-08,-0.9417430796459725,2,0.2,0.31,Increasing,"Columbia, NY - Greene, NY","Columbia, Greene"
New York,881,2026-08-15,-2.0950328199784147,2,0.2,0.53,Increasing,"Columbia, NY - Greene, NY","Columbia, Greene"
New York,881,2026-08-22,-0.7572782600867601,2,0.4,0.94,Increasing,"Columbia, NY - Greene, NY","Columbia, Greene"
